seed,irrev_sit_count,ablated_sit_count,delta_sit_count,irrev_mean_Ct,ablated_mean_Ct,delta_mean_Ct,irrev_normal_ticks,ablated_normal_ticks,delta_normal_ticks,irrev_alpha_final,ablated_alpha_final,delta_alpha_final,irrev_alpha_slope,ablated_alpha_slope,delta_alpha_slope
0,4.0,3.0,1.0,0.6281598039215684,0.5631820261437909,0.06497777777777758,57.0,60.0,-3.0,0.5705,0.5705,0.0,0.09726666666666661,0.09726666666666661,0.0
1,4.0,4.0,0.0,0.6268084967320261,0.5709555555555555,0.05585294117647055,57.0,61.0,-4.0,0.5691,0.5692,-9.999999999998899e-05,0.09586666666666666,0.09596666666666664,-9.999999999998899e-05
2,3.0,4.0,-1.0,0.6208457516339869,0.56714477124183,0.05370098039215687,57.0,60.0,-3.0,0.8934,0.8677,0.025699999999999945,0.3276699999999999,0.30197000000000007,0.025699999999999834
3,4.0,3.0,1.0,0.6246866013071894,0.5618091503267973,0.0628774509803921,58.0,60.0,-2.0,0.5659,0.5278,0.03809999999999991,0.08799999999999997,0.049899999999999944,0.03810000000000002
4,3.0,4.0,-1.0,0.6233003267973857,0.5680297385620915,0.05527058823529418,57.0,60.0,-3.0,0.8815,0.8708,0.010699999999999932,0.3157700000000001,0.3050700000000002,0.010699999999999932
5,3.0,4.0,-1.0,0.6205094771241829,0.5644725490196077,0.05603692810457517,57.0,61.0,-4.0,0.9097,0.9059,0.0037999999999999146,0.3433333333333334,0.33953333333333324,0.0038000000000001366
6,4.0,4.0,0.0,0.6254767973856209,0.5681705882352941,0.0573062091503268,58.0,60.0,-2.0,0.5687,0.5652,0.0034999999999999476,0.0828299999999999,0.07933000000000007,0.0034999999999998366
7,4.0,4.0,0.0,0.6244395424836602,0.560190522875817,0.06424901960784313,58.0,61.0,-3.0,0.5689,0.5659,0.0030000000000000027,0.09100000000000008,0.08799999999999997,0.0030000000000001137
8,3.0,4.0,-1.0,0.6205094771241829,0.5647745098039216,0.055734967320261286,57.0,61.0,-4.0,0.8984,0.8911,0.007299999999999973,0.33267000000000013,0.32537000000000005,0.007300000000000084
9,3.0,4.0,-1.0,0.6281369281045752,0.5671127450980393,0.06102418300653589,56.0,59.0,-3.0,0.5436,0.5402,0.0033999999999999586,0.07048999999999994,0.06708999999999998,0.0033999999999999586
10,3.0,4.0,-1.0,0.6233003267973857,0.5680297385620915,0.05527058823529418,57.0,60.0,-3.0,0.8815,0.8708,0.010699999999999932,0.3157700000000001,0.3050700000000002,0.010699999999999932
11,4.0,4.0,0.0,0.6268084967320261,0.5709555555555555,0.05585294117647055,57.0,61.0,-4.0,0.5691,0.5692,-9.999999999998899e-05,0.09586666666666666,0.09596666666666664,-9.999999999998899e-05
12,3.0,4.0,-1.0,0.6233003267973857,0.5641477124183006,0.05915261437908503,57.0,61.0,-4.0,0.8815,0.8668,0.014699999999999935,0.3157700000000001,0.30107000000000017,0.014699999999999935
13,3.0,4.0,-1.0,0.6216941176470586,0.5648104575163398,0.05688366013071877,57.0,61.0,-4.0,0.8929,0.893,-9.999999999998899e-05,0.33003666666666676,0.33013666666666663,-9.999999999987796e-05
14,4.0,3.0,1.0,0.6259977124183006,0.5688424836601307,0.05715522875816992,58.0,60.0,-2.0,0.5614,0.5509,0.010500000000000065,0.07553000000000004,0.06502999999999998,0.010500000000000065
15,3.0,4.0,-1.0,0.6205094771241829,0.564136274509804,0.05637320261437895,57.0,61.0,-4.0,0.9097,0.9098,-0.00010000000000010001,0.3433333333333334,0.34343333333333337,-9.999999999998899e-05
16,3.0,4.0,-1.0,0.6248101307189542,0.5664728758169935,0.05833725490196073,57.0,59.0,-2.0,0.8903,0.8681,0.022199999999999998,0.32602333333333333,0.3038233333333332,0.02220000000000011
17,3.0,4.0,-1.0,0.6249732026143792,0.5572428104575164,0.06773039215686272,57.0,60.0,-3.0,0.8823,0.8793,0.0030000000000000027,0.31776000000000004,0.31475999999999993,0.0030000000000001137
18,3.0,4.0,-1.0,0.6233003267973857,0.5680297385620915,0.05527058823529418,57.0,60.0,-3.0,0.8815,0.8708,0.010699999999999932,0.3157700000000001,0.3050700000000002,0.010699999999999932
19,4.0,4.0,0.0,0.6253578431372548,0.5609624183006535,0.06439542483660132,58.0,61.0,-3.0,0.5528,0.5528,0.0,0.07910333333333336,0.07910333333333336,0.0
20,3.0,4.0,-1.0,0.6205924836601308,0.5641477124183006,0.056444771241830116,57.0,61.0,-4.0,0.8667,0.8668,-9.999999999998899e-05,0.30097000000000007,0.30107000000000017,-0.00010000000000010001
21,3.0,4.0,-1.0,0.620623202614379,0.5641326797385621,0.056490522875816906,57.0,61.0,-4.0,0.8964,0.8966,-0.00019999999999997797,0.33067,0.3308700000000002,-0.00020000000000020002
22,3.0,4.0,-1.0,0.6248101307189542,0.559475816993464,0.06533431372549015,57.0,60.0,-3.0,0.8734,0.8734,0.0,0.3076700000000001,0.3076700000000001,0.0
23,4.0,4.0,0.0,0.6248147058823528,0.5604192810457516,0.06439542483660121,58.0,61.0,-3.0,0.5652,0.5652,0.0,0.09021666666666672,0.09021666666666672,0.0
24,4.0,4.0,0.0,0.6250617647058822,0.5606663398692809,0.06439542483660121,58.0,61.0,-3.0,0.5598,0.5598,0.0,0.08610333333333337,0.08610333333333337,0.0
25,4.0,4.0,0.0,0.6248147058823528,0.5604192810457516,0.06439542483660121,58.0,61.0,-3.0,0.5652,0.5652,0.0,0.09021666666666672,0.09021666666666672,0.0
26,4.0,3.0,1.0,0.6232140522875816,0.5614555555555556,0.06175849673202605,57.0,60.0,-3.0,0.5359,0.5325,0.0034000000000000696,0.06266666666666665,0.05926666666666669,0.0033999999999999586
27,4.0,3.0,1.0,0.6254173202614378,0.5611483660130719,0.06426895424836587,58.0,60.0,-2.0,0.5518,0.5432,0.008599999999999941,0.07857999999999998,0.06997999999999993,0.008600000000000052
28,4.0,3.0,1.0,0.6225147058823528,0.5611483660130719,0.06136633986928086,57.0,60.0,-3.0,0.5452,0.5418,0.0034000000000000696,0.07196666666666673,0.06856666666666666,0.0034000000000000696
29,3.0,4.0,-1.0,0.6208457516339869,0.5644725490196077,0.05637320261437917,57.0,61.0,-4.0,0.8957,0.8958,-9.999999999998899e-05,0.3299700000000003,0.3300700000000001,-9.999999999976694e-05
30,4.0,4.0,0.0,0.6266588235294118,0.5699633986928104,0.056695424836601394,57.0,60.0,-3.0,0.5416,0.5353,0.006299999999999972,0.06369999999999998,0.05740000000000001,0.006299999999999972
31,3.0,4.0,-1.0,0.6248,0.5667993464052288,0.058000653594771245,56.0,60.0,-4.0,0.8707,0.8518,0.018900000000000028,0.3049700000000002,0.28607000000000016,0.018900000000000028
32,4.0,4.0,0.0,0.6250617647058822,0.5607928104575163,0.06426895424836587,58.0,60.0,-2.0,0.5598,0.5512,0.008599999999999941,0.08610333333333337,0.07750333333333331,0.008600000000000052
33,3.0,4.0,-1.0,0.6239539215686274,0.5682470588235294,0.05570686274509795,57.0,60.0,-3.0,0.898,0.8787,0.019299999999999984,0.33499,0.31569,0.019299999999999984
34,3.0,4.0,-1.0,0.6233003267973857,0.5680297385620915,0.05527058823529418,57.0,60.0,-3.0,0.8815,0.8708,0.010699999999999932,0.3157700000000001,0.3050700000000002,0.010699999999999932
35,3.0,4.0,-1.0,0.6205924836601308,0.5641477124183006,0.056444771241830116,57.0,61.0,-4.0,0.8667,0.8668,-9.999999999998899e-05,0.30097000000000007,0.30107000000000017,-0.00010000000000010001
36,3.0,3.0,0.0,0.621970588235294,0.5658921568627451,0.056078431372548976,57.0,61.0,-4.0,0.902,0.9021,-9.999999999998899e-05,0.33627000000000007,0.33637000000000017,-0.00010000000000010001
37,3.0,4.0,-1.0,0.6205094771241829,0.564136274509804,0.05637320261437895,57.0,61.0,-4.0,0.903,0.9031,-9.999999999998899e-05,0.33911333333333327,0.33921333333333326,-9.999999999998899e-05
38,3.0,4.0,-1.0,0.6209196078431372,0.5644748366013073,0.056444771241829894,57.0,61.0,-4.0,0.8633,0.8634,-9.999999999998899e-05,0.2975700000000002,0.29767,-9.999999999976694e-05
39,3.0,4.0,-1.0,0.6248,0.5641477124183006,0.06065228758169938,56.0,61.0,-5.0,0.8707,0.8668,0.0039000000000000146,0.3049700000000002,0.30107000000000017,0.0039000000000000146
40,4.0,4.0,0.0,0.6250617647058822,0.5606663398692809,0.06439542483660121,58.0,61.0,-3.0,0.5622,0.5622,0.0,0.08721666666666672,0.08721666666666672,0.0
41,3.0,4.0,-1.0,0.6208457516339869,0.5644725490196077,0.05637320261437917,57.0,61.0,-4.0,0.9016,0.9018,-0.000200000000000089,0.33743999999999985,0.33764000000000016,-0.00020000000000031104
42,3.0,4.0,-1.0,0.6205094771241829,0.5644725490196077,0.05603692810457517,57.0,61.0,-4.0,0.8984,0.8946,0.0038000000000000256,0.33267000000000013,0.3288700000000001,0.0038000000000000256
43,3.0,4.0,-1.0,0.6205924836601308,0.5641477124183006,0.056444771241830116,57.0,61.0,-4.0,0.8667,0.8668,-9.999999999998899e-05,0.30097000000000007,0.30107000000000017,-0.00010000000000010001
44,3.0,4.0,-1.0,0.6221281045751633,0.5680297385620915,0.05409836601307183,56.0,60.0,-4.0,0.8792,0.8708,0.008399999999999963,0.31347000000000025,0.3050700000000002,0.008400000000000074
45,3.0,4.0,-1.0,0.620623202614379,0.5641326797385621,0.056490522875816906,57.0,61.0,-4.0,0.8964,0.8966,-0.00019999999999997797,0.33067,0.3308700000000002,-0.00020000000000020002
46,3.0,4.0,-1.0,0.6205094771241829,0.564136274509804,0.05637320261437895,57.0,61.0,-4.0,0.8974,0.8975,-9.999999999998899e-05,0.33167000000000024,0.33177000000000023,-9.999999999998899e-05
47,3.0,4.0,-1.0,0.6221281045751633,0.5641326797385621,0.05799542483660125,56.0,61.0,-5.0,0.8792,0.8966,-0.01739999999999997,0.31347000000000025,0.3308700000000002,-0.01739999999999997
48,3.0,4.0,-1.0,0.6205094771241829,0.564136274509804,0.05637320261437895,57.0,61.0,-4.0,0.9011,0.9012,-9.999999999998899e-05,0.3365600000000001,0.33666000000000007,-9.999999999998899e-05
49,3.0,3.0,0.0,0.6226143790849672,0.5665359477124183,0.056078431372548865,57.0,61.0,-4.0,0.8846,0.8847,-9.999999999998899e-05,0.3188700000000001,0.3189700000000001,-9.999999999998899e-05
50,4.0,3.0,1.0,0.6287101307189542,0.5637323529411764,0.0649777777777778,57.0,60.0,-3.0,0.5671,0.5671,0.0,0.09386666666666654,0.09386666666666654,0.0
51,4.0,3.0,1.0,0.6269519607843137,0.5614967320261438,0.06545522875816989,57.0,60.0,-3.0,0.5319,0.5319,0.0,0.056916666666666615,0.056916666666666615,0.0
52,3.0,4.0,-1.0,0.6216941176470586,0.5593705882352942,0.062323529411764444,57.0,60.0,-3.0,0.8884,0.8757,0.012699999999999934,0.32515666666666676,0.3124566666666666,0.012700000000000156
53,4.0,3.0,1.0,0.6257016339869281,0.5685464052287582,0.05715522875816992,58.0,60.0,-2.0,0.5524,0.5419,0.010499999999999954,0.0744999999999999,0.06399999999999995,0.010499999999999954
54,3.0,4.0,-1.0,0.6241918300653595,0.5578614379084967,0.06633039215686276,57.0,60.0,-3.0,0.8669,0.8669,0.0,0.3023600000000001,0.3023600000000001,0.0
55,4.0,4.0,0.0,0.6244395424836602,0.5599434640522876,0.06449607843137262,58.0,61.0,-3.0,0.5689,0.5689,0.0,0.09100000000000008,0.09100000000000008,0.0
56,3.0,4.0,-1.0,0.6233003267973857,0.5680297385620915,0.05527058823529418,57.0,60.0,-3.0,0.8815,0.8708,0.010699999999999932,0.3157700000000001,0.3050700000000002,0.010699999999999932
57,3.0,4.0,-1.0,0.6205924836601308,0.5641477124183006,0.056444771241830116,57.0,61.0,-4.0,0.8667,0.8668,-9.999999999998899e-05,0.30097000000000007,0.30107000000000017,-0.00010000000000010001
58,3.0,4.0,-1.0,0.6216941176470586,0.5648104575163398,0.05688366013071877,57.0,61.0,-4.0,0.9049,0.905,-9.999999999998899e-05,0.33898666666666666,0.33908666666666665,-9.999999999998899e-05
59,3.0,4.0,-1.0,0.6233003267973857,0.5680297385620915,0.05527058823529418,57.0,60.0,-3.0,0.8815,0.8708,0.010699999999999932,0.3157700000000001,0.3050700000000002,0.010699999999999932
60,3.0,4.0,-1.0,0.6205094771241829,0.564136274509804,0.05637320261437895,57.0,61.0,-4.0,0.9097,0.9098,-0.00010000000000010001,0.3433333333333334,0.34343333333333337,-9.999999999998899e-05
61,3.0,4.0,-1.0,0.6205094771241829,0.564136274509804,0.05637320261437895,57.0,61.0,-4.0,0.9011,0.9012,-9.999999999998899e-05,0.3365600000000001,0.33666000000000007,-9.999999999998899e-05
62,3.0,3.0,0.0,0.621970588235294,0.565559477124183,0.05641111111111108,57.0,61.0,-4.0,0.9026,0.9027,-9.999999999998899e-05,0.33806000000000014,0.3381600000000001,-9.999999999998899e-05
63,3.0,4.0,-1.0,0.6216941176470586,0.5648104575163398,0.05688366013071877,57.0,61.0,-4.0,0.8877,0.8878,-9.999999999998899e-05,0.3238133333333334,0.3239133333333333,-9.999999999987796e-05
64,3.0,4.0,-1.0,0.6221281045751633,0.5680297385620915,0.05409836601307183,56.0,60.0,-4.0,0.8792,0.8708,0.008399999999999963,0.31347000000000025,0.3050700000000002,0.008400000000000074
65,3.0,4.0,-1.0,0.6233003267973857,0.5680297385620915,0.05527058823529418,57.0,60.0,-3.0,0.8815,0.8708,0.010699999999999932,0.3157700000000001,0.3050700000000002,0.010699999999999932
66,3.0,4.0,-1.0,0.6209196078431372,0.5644748366013073,0.056444771241829894,57.0,61.0,-4.0,0.8633,0.8634,-9.999999999998899e-05,0.2975700000000002,0.29767,-9.999999999976694e-05
67,3.0,4.0,-1.0,0.6205094771241829,0.564136274509804,0.05637320261437895,57.0,61.0,-4.0,0.9011,0.9012,-9.999999999998899e-05,0.3365600000000001,0.33666000000000007,-9.999999999998899e-05
68,4.0,4.0,0.0,0.6270898692810457,0.5712369281045752,0.05585294117647055,57.0,61.0,-4.0,0.5656,0.5658,-0.00019999999999997797,0.0923666666666666,0.09256666666666669,-0.000200000000000089
69,3.0,4.0,-1.0,0.6216941176470586,0.5648104575163398,0.05688366013071877,57.0,61.0,-4.0,0.8843,0.8844,-9.999999999998899e-05,0.31857,0.31867000000000023,-0.00010000000000021103
70,3.0,4.0,-1.0,0.620959477124183,0.5644689542483661,0.056490522875816906,57.0,61.0,-4.0,0.8925,0.8926,-9.999999999998899e-05,0.3267700000000001,0.3268700000000001,-9.999999999998899e-05
71,3.0,4.0,-1.0,0.6248,0.5680297385620915,0.05677026143790853,56.0,60.0,-4.0,0.8707,0.8708,-9.999999999998899e-05,0.3049700000000002,0.3050700000000002,-9.999999999998899e-05
72,4.0,3.0,1.0,0.6263748366013071,0.5685464052287582,0.057828431372548894,57.0,60.0,-3.0,0.5515,0.5516,-9.999999999998899e-05,0.07337666666666676,0.07347666666666675,-9.999999999998899e-05
73,3.0,4.0,-1.0,0.6205094771241829,0.564136274509804,0.05637320261437895,57.0,61.0,-4.0,0.8984,0.8985,-9.999999999998899e-05,0.33267000000000013,0.3327700000000001,-9.999999999998899e-05
74,3.0,4.0,-1.0,0.6205094771241829,0.564136274509804,0.05637320261437895,57.0,61.0,-4.0,0.903,0.9031,-9.999999999998899e-05,0.33911333333333327,0.33921333333333326,-9.999999999998899e-05
75,4.0,4.0,0.0,0.6268084967320261,0.5712369281045752,0.05557156862745094,57.0,61.0,-4.0,0.5691,0.5658,0.0033000000000000806,0.09586666666666666,0.09256666666666669,0.0032999999999999696
76,3.0,3.0,0.0,0.620623202614379,0.565857843137255,0.05476535947712402,57.0,61.0,-4.0,0.8964,0.8941,0.0022999999999999687,0.33067,0.32837000000000016,0.0022999999999998577
77,3.0,4.0,-1.0,0.6208457516339869,0.5644725490196077,0.05637320261437917,57.0,61.0,-4.0,0.9058,0.9059,-9.999999999998899e-05,0.33943333333333325,0.33953333333333324,-9.999999999998899e-05
78,3.0,4.0,-1.0,0.6205094771241829,0.564136274509804,0.05637320261437895,57.0,61.0,-4.0,0.9097,0.9098,-0.00010000000000010001,0.3433333333333334,0.34343333333333337,-9.999999999998899e-05
79,3.0,4.0,-1.0,0.6205924836601308,0.5641477124183006,0.056444771241830116,57.0,61.0,-4.0,0.8667,0.8668,-9.999999999998899e-05,0.30097000000000007,0.30107000000000017,-0.00010000000000010001
80,3.0,4.0,-1.0,0.620623202614379,0.5644689542483661,0.056154248366012904,57.0,61.0,-4.0,0.8964,0.8926,0.0038000000000000256,0.33067,0.3268700000000001,0.0037999999999999146
81,3.0,4.0,-1.0,0.623582679738562,0.5664944444444444,0.05708823529411755,56.0,59.0,-3.0,0.5484,0.545,0.0033999999999999586,0.07469000000000003,0.07128999999999996,0.0034000000000000696
82,4.0,3.0,1.0,0.6287101307189542,0.5640192810457516,0.0646908496732026,57.0,60.0,-3.0,0.5671,0.5578,0.009300000000000086,0.09386666666666654,0.08456666666666668,0.009299999999999864
83,4.0,4.0,0.0,0.6248147058823528,0.5604192810457516,0.06439542483660121,58.0,61.0,-3.0,0.561,0.561,0.0,0.08777999999999986,0.08777999999999986,0.0
84,4.0,4.0,0.0,0.6270898692810457,0.5712369281045752,0.05585294117647055,57.0,61.0,-4.0,0.5656,0.5658,-0.00019999999999997797,0.0923666666666666,0.09256666666666669,-0.000200000000000089
85,4.0,4.0,0.0,0.6268084967320261,0.5709555555555555,0.05585294117647055,57.0,61.0,-4.0,0.5691,0.5692,-9.999999999998899e-05,0.09586666666666666,0.09596666666666664,-9.999999999998899e-05
86,3.0,4.0,-1.0,0.6212124183006537,0.5647676470588235,0.056444771241830116,57.0,61.0,-4.0,0.8603,0.8604,-0.00010000000000010001,0.2945700000000001,0.2946700000000001,-9.999999999998899e-05
87,4.0,4.0,0.0,0.6253088235294118,0.5607928104575163,0.06451601307189547,58.0,60.0,-2.0,0.5527,0.5468,0.005900000000000016,0.07946666666666669,0.07356666666666678,0.005899999999999905
88,3.0,4.0,-1.0,0.6257333333333333,0.5701467320261439,0.0555866013071894,57.0,61.0,-4.0,0.5576,0.5543,0.0032999999999999696,0.0717166666666667,0.06841666666666674,0.0032999999999999696
89,4.0,4.0,0.0,0.6260081699346406,0.5610999999999999,0.06490816993464066,58.0,60.0,-2.0,0.5445,0.5385,0.006000000000000005,0.07080333333333338,0.06480333333333338,0.006000000000000005
90,4.0,4.0,0.0,0.6253578431372548,0.5609624183006535,0.06439542483660132,58.0,61.0,-3.0,0.5552,0.5552,0.0,0.08021666666666671,0.08021666666666671,0.0
91,4.0,3.0,1.0,0.6225147058823528,0.5611483660130719,0.06136633986928086,57.0,60.0,-3.0,0.5474,0.5439,0.0034999999999999476,0.0741666666666666,0.07066666666666666,0.0034999999999999476
92,3.0,4.0,-1.0,0.6238591503267974,0.5575287581699347,0.06633039215686265,57.0,60.0,-3.0,0.8787,0.8787,0.0,0.3180233333333333,0.3180233333333333,0.0
93,4.0,4.0,0.0,0.6252297385620913,0.5681705882352941,0.0570591503267972,58.0,60.0,-2.0,0.5711,0.5652,0.005900000000000016,0.08522999999999997,0.07933000000000007,0.005899999999999905
94,3.0,3.0,0.0,0.621970588235294,0.565559477124183,0.05641111111111108,57.0,61.0,-4.0,0.9112,0.9113,-9.999999999998899e-05,0.34483333333333344,0.3449333333333332,-9.999999999976694e-05
95,3.0,4.0,-1.0,0.6233003267973857,0.5680297385620915,0.05527058823529418,57.0,60.0,-3.0,0.8815,0.8708,0.010699999999999932,0.3157700000000001,0.3050700000000002,0.010699999999999932
96,3.0,4.0,-1.0,0.6205924836601308,0.5641477124183006,0.056444771241830116,57.0,61.0,-4.0,0.8667,0.8668,-9.999999999998899e-05,0.30097000000000007,0.30107000000000017,-0.00010000000000010001
97,3.0,4.0,-1.0,0.623573202614379,0.5572428104575164,0.06633039215686254,57.0,60.0,-3.0,0.8778,0.8778,0.0,0.3120700000000002,0.3120700000000002,0.0
98,3.0,4.0,-1.0,0.6263748366013071,0.5664944444444444,0.059880392156862694,56.0,59.0,-3.0,0.5457,0.5444,0.0012999999999999678,0.06779999999999986,0.0665,0.0012999999999998568
99,3.0,4.0,-1.0,0.6248,0.5680297385620915,0.05677026143790853,56.0,60.0,-4.0,0.8707,0.8708,-9.999999999998899e-05,0.3049700000000002,0.3050700000000002,-9.999999999998899e-05
100,4.0,3.0,1.0,0.6255549019607843,0.5687565359477124,0.05679836601307198,57.0,60.0,-3.0,0.8925,0.8468,0.04569999999999996,0.3267700000000001,0.28107000000000026,0.04569999999999985
101,4.0,4.0,0.0,0.6252787581699345,0.5687738562091503,0.05650490196078417,58.0,60.0,-2.0,0.5667,0.5479,0.018799999999999928,0.08083000000000012,0.062029999999999974,0.01880000000000015
102,4.0,4.0,0.0,0.6270898692810457,0.5712369281045752,0.05585294117647055,57.0,61.0,-4.0,0.5656,0.5658,-0.00019999999999997797,0.0923666666666666,0.09256666666666669,-0.000200000000000089
103,4.0,4.0,0.0,0.6264722222222221,0.5687738562091503,0.05769836601307177,58.0,60.0,-2.0,0.5513,0.5479,0.0033999999999999586,0.06543000000000004,0.062029999999999974,0.0034000000000000696
104,4.0,4.0,0.0,0.6268084967320261,0.5709555555555555,0.05585294117647055,57.0,61.0,-4.0,0.5691,0.5692,-9.999999999998899e-05,0.09586666666666666,0.09596666666666664,-9.999999999998899e-05
105,3.0,4.0,-1.0,0.6229192810457516,0.569397385620915,0.05352189542483654,56.0,60.0,-4.0,0.8765,0.8646,0.01189999999999991,0.3221333333333334,0.31023333333333347,0.01189999999999991
106,3.0,3.0,0.0,0.6220843137254902,0.565857843137255,0.05622647058823527,57.0,61.0,-4.0,0.8979,0.8941,0.0038000000000000256,0.3321700000000001,0.32837000000000016,0.0037999999999999146
107,4.0,4.0,0.0,0.6278872549019607,0.5628882352941176,0.06499901960784316,57.0,60.0,-3.0,0.56,0.56,0.0,0.08676666666666666,0.08676666666666666,0.0
108,3.0,4.0,-1.0,0.622609477124183,0.5655137254901962,0.057095751633986835,56.0,60.0,-4.0,0.5708,0.571,-0.00019999999999997797,0.08386333333333323,0.08406333333333332,-0.000200000000000089
109,3.0,4.0,-1.0,0.6205094771241829,0.564136274509804,0.05637320261437895,57.0,61.0,-4.0,0.8984,0.8985,-9.999999999998899e-05,0.33267000000000013,0.3327700000000001,-9.999999999998899e-05
110,3.0,4.0,-1.0,0.62315522875817,0.5661692810457517,0.05698594771241827,56.0,60.0,-4.0,0.5474,0.5475,-9.999999999998899e-05,0.07417999999999991,0.07428000000000001,-0.00010000000000010001
111,4.0,4.0,0.0,0.6270898692810457,0.5626411764705882,0.06444869281045751,57.0,60.0,-3.0,0.5656,0.5626,0.0030000000000000027,0.0923666666666666,0.0893666666666666,0.0030000000000000027
112,4.0,4.0,0.0,0.6268084967320261,0.5709555555555555,0.05585294117647055,57.0,61.0,-4.0,0.5691,0.5692,-9.999999999998899e-05,0.09586666666666666,0.09596666666666664,-9.999999999998899e-05
113,4.0,4.0,0.0,0.6268084967320261,0.5709555555555555,0.05585294117647055,57.0,61.0,-4.0,0.5691,0.5692,-9.999999999998899e-05,0.09586666666666666,0.09596666666666664,-9.999999999998899e-05
114,3.0,4.0,-1.0,0.6240820261437908,0.558154248366013,0.06592777777777781,57.0,60.0,-3.0,0.887,0.887,0.0,0.32560333333333336,0.32560333333333336,0.0
115,3.0,4.0,-1.0,0.6205094771241829,0.564136274509804,0.05637320261437895,57.0,61.0,-4.0,0.8996,0.8997,-0.00010000000000010001,0.3338700000000001,0.3339700000000001,-9.999999999998899e-05
116,3.0,4.0,-1.0,0.6205094771241829,0.564136274509804,0.05637320261437895,57.0,61.0,-4.0,0.9097,0.9098,-0.00010000000000010001,0.3433333333333334,0.34343333333333337,-9.999999999998899e-05
117,3.0,4.0,-1.0,0.623051633986928,0.5662437908496732,0.05680784313725473,57.0,59.0,-2.0,0.8838,0.8672,0.01660000000000006,0.32093666666666676,0.3043366666666666,0.01660000000000017
118,3.0,4.0,-1.0,0.6205094771241829,0.564136274509804,0.05637320261437895,57.0,61.0,-4.0,0.8984,0.8985,-9.999999999998899e-05,0.33267000000000013,0.3327700000000001,-9.999999999998899e-05
119,3.0,4.0,-1.0,0.6233003267973857,0.5680297385620915,0.05527058823529418,57.0,60.0,-3.0,0.8815,0.8708,0.010699999999999932,0.3157700000000001,0.3050700000000002,0.010699999999999932
120,3.0,3.0,0.0,0.621970588235294,0.565559477124183,0.05641111111111108,57.0,61.0,-4.0,0.9112,0.9113,-9.999999999998899e-05,0.34483333333333344,0.3449333333333332,-9.999999999976694e-05
121,3.0,4.0,-1.0,0.620623202614379,0.5647709150326798,0.055852287581699134,57.0,61.0,-4.0,0.8964,0.8892,0.007199999999999984,0.33067,0.32347000000000004,0.007199999999999984
122,3.0,4.0,-1.0,0.6248,0.5680297385620915,0.05677026143790853,56.0,60.0,-4.0,0.8707,0.8708,-9.999999999998899e-05,0.3049700000000002,0.3050700000000002,-9.999999999998899e-05
123,3.0,4.0,-1.0,0.6233003267973857,0.5680297385620915,0.05527058823529418,57.0,60.0,-3.0,0.8815,0.8708,0.010699999999999932,0.3157700000000001,0.3050700000000002,0.010699999999999932
124,3.0,4.0,-1.0,0.6233003267973857,0.5644748366013073,0.05882549019607841,57.0,61.0,-4.0,0.8815,0.8634,0.018100000000000005,0.3157700000000001,0.29767,0.018100000000000116
125,3.0,4.0,-1.0,0.6248101307189542,0.559475816993464,0.06533431372549015,57.0,60.0,-3.0,0.8812,0.8812,0.0,0.3194133333333332,0.3194133333333332,0.0
126,3.0,4.0,-1.0,0.6233003267973857,0.5644689542483661,0.0588313725490196,57.0,61.0,-4.0,0.8815,0.8926,-0.011099999999999999,0.3157700000000001,0.3268700000000001,-0.011099999999999999
127,4.0,3.0,1.0,0.6254173202614378,0.5611483660130719,0.06426895424836587,58.0,60.0,-2.0,0.5536,0.545,0.008599999999999941,0.07990333333333338,0.07130333333333333,0.008600000000000052
128,3.0,3.0,0.0,0.6222725490196077,0.5658614379084967,0.05641111111111097,57.0,61.0,-4.0,0.9005,0.9006,-9.999999999998899e-05,0.33661333333333343,0.3367133333333333,-9.999999999987796e-05
129,4.0,3.0,1.0,0.6256643790849672,0.5611483660130719,0.06451601307189525,58.0,60.0,-2.0,0.551,0.545,0.006000000000000005,0.07730333333333334,0.07130333333333333,0.006000000000000005
130,4.0,4.0,0.0,0.6230300653594771,0.56714477124183,0.05588529411764709,57.0,60.0,-3.0,0.8866,0.87,0.01660000000000006,0.3208700000000002,0.30427000000000015,0.01660000000000006
131,3.0,4.0,-1.0,0.6233003267973857,0.5680297385620915,0.05527058823529418,57.0,60.0,-3.0,0.8815,0.8708,0.010699999999999932,0.3157700000000001,0.3050700000000002,0.010699999999999932
132,3.0,4.0,-1.0,0.6216941176470586,0.5648104575163398,0.05688366013071877,57.0,61.0,-4.0,0.8903,0.8904,-9.999999999998899e-05,0.3261399999999999,0.3262400000000001,-0.00010000000000021103
133,4.0,3.0,1.0,0.6255549019607843,0.5686235294117647,0.05693137254901959,57.0,60.0,-3.0,0.8946,0.8716,0.02299999999999991,0.3288700000000001,0.3058700000000002,0.02299999999999991
134,3.0,3.0,0.0,0.6205094771241829,0.565559477124183,0.05494999999999994,57.0,61.0,-4.0,0.8996,0.9012,-0.0016000000000000458,0.3338700000000001,0.33547000000000016,-0.0016000000000000458
135,4.0,3.0,1.0,0.6287101307189542,0.5637323529411764,0.0649777777777778,57.0,60.0,-3.0,0.5671,0.5671,0.0,0.09386666666666654,0.09386666666666654,0.0
136,3.0,4.0,-1.0,0.6205924836601308,0.5647676470588235,0.055824836601307215,57.0,61.0,-4.0,0.8667,0.8604,0.006299999999999972,0.30097000000000007,0.2946700000000001,0.006299999999999972
137,3.0,4.0,-1.0,0.6211477124183007,0.5647745098039216,0.05637320261437906,57.0,61.0,-4.0,0.8982,0.8983,-9.999999999998899e-05,0.3340399999999999,0.33414,-0.00010000000000010001
138,3.0,4.0,-1.0,0.6205924836601308,0.5641477124183006,0.056444771241830116,57.0,61.0,-4.0,0.8667,0.8668,-9.999999999998899e-05,0.30097000000000007,0.30107000000000017,-0.00010000000000010001
139,4.0,3.0,1.0,0.6237879084967319,0.5620294117647059,0.06175849673202605,57.0,60.0,-3.0,0.5398,0.5364,0.0033999999999999586,0.06610333333333346,0.06270333333333339,0.0034000000000000696
140,3.0,4.0,-1.0,0.6209196078431372,0.5644748366013073,0.056444771241829894,57.0,61.0,-4.0,0.8633,0.8634,-9.999999999998899e-05,0.2975700000000002,0.29767,-9.999999999976694e-05
141,4.0,4.0,0.0,0.6252297385620913,0.5681705882352941,0.0570591503267972,58.0,60.0,-2.0,0.5711,0.5652,0.005900000000000016,0.08522999999999997,0.07933000000000007,0.005899999999999905
142,4.0,4.0,0.0,0.6268084967320261,0.5709555555555555,0.05585294117647055,57.0,61.0,-4.0,0.5691,0.5692,-9.999999999998899e-05,0.09586666666666666,0.09596666666666664,-9.999999999998899e-05
143,4.0,4.0,0.0,0.6268084967320261,0.5709555555555555,0.05585294117647055,57.0,61.0,-4.0,0.5691,0.5692,-9.999999999998899e-05,0.09586666666666666,0.09596666666666664,-9.999999999998899e-05
144,3.0,4.0,-1.0,0.6233003267973857,0.5680297385620915,0.05527058823529418,57.0,60.0,-3.0,0.8815,0.8708,0.010699999999999932,0.3157700000000001,0.3050700000000002,0.010699999999999932
145,4.0,3.0,1.0,0.6281598039215684,0.5639794117647059,0.06418039215686255,57.0,60.0,-3.0,0.5705,0.5641,0.006399999999999961,0.09726666666666661,0.09086666666666665,0.006399999999999961
146,3.0,4.0,-1.0,0.6238591503267974,0.5575287581699347,0.06633039215686265,57.0,60.0,-3.0,0.8723,0.8723,0.0,0.3105133333333334,0.3105133333333334,0.0
147,4.0,4.0,0.0,0.6268084967320261,0.5709555555555555,0.05585294117647055,57.0,61.0,-4.0,0.5691,0.5692,-9.999999999998899e-05,0.09586666666666666,0.09596666666666664,-9.999999999998899e-05
148,3.0,4.0,-1.0,0.6230431372549019,0.5661686274509805,0.05687450980392139,56.0,59.0,-3.0,0.5769,0.5687,0.008199999999999985,0.0810999999999999,0.07289999999999991,0.008199999999999985
149,3.0,4.0,-1.0,0.6212124183006537,0.5647676470588235,0.056444771241830116,57.0,61.0,-4.0,0.8603,0.8604,-0.00010000000000010001,0.2945700000000001,0.2946700000000001,-9.999999999998899e-05
150,4.0,4.0,0.0,0.6270898692810457,0.5712369281045752,0.05585294117647055,57.0,61.0,-4.0,0.5656,0.5658,-0.00019999999999997797,0.0923666666666666,0.09256666666666669,-0.000200000000000089
151,4.0,3.0,1.0,0.6283715686274508,0.5635800653594771,0.06479150326797367,57.0,60.0,-3.0,0.568,0.568,0.0,0.09476666666666678,0.09476666666666678,0.0
152,4.0,3.0,1.0,0.6262937908496731,0.5688424836601307,0.05745130718954239,58.0,60.0,-2.0,0.5611,0.5552,0.005900000000000016,0.07522999999999996,0.06933000000000006,0.005899999999999905
153,3.0,4.0,-1.0,0.6205094771241829,0.5644725490196077,0.05603692810457517,57.0,61.0,-4.0,0.9056,0.9018,0.0037999999999999146,0.34143999999999985,0.33764000000000016,0.0037999999999996925
154,4.0,4.0,0.0,0.6278872549019607,0.5628882352941176,0.06499901960784316,57.0,60.0,-3.0,0.56,0.56,0.0,0.08676666666666666,0.08676666666666666,0.0
155,3.0,4.0,-1.0,0.6216941176470586,0.5662437908496732,0.055450326797385374,57.0,59.0,-2.0,0.8956,0.8699,0.025699999999999945,0.3292333333333334,0.30353333333333343,0.025699999999999945
156,3.0,4.0,-1.0,0.6216941176470586,0.5662437908496732,0.055450326797385374,57.0,59.0,-2.0,0.8903,0.8646,0.025699999999999945,0.32770999999999995,0.3020100000000001,0.025699999999999834
157,3.0,4.0,-1.0,0.6208457516339869,0.5644725490196077,0.05637320261437917,57.0,61.0,-4.0,0.8971,0.8973,-0.00019999999999997797,0.3325600000000002,0.33276000000000006,-0.00019999999999986695
158,4.0,4.0,0.0,0.6248147058823528,0.5604192810457516,0.06439542483660121,58.0,61.0,-3.0,0.561,0.561,0.0,0.08777999999999986,0.08777999999999986,0.0
159,3.0,4.0,-1.0,0.6233003267973857,0.5641477124183006,0.05915261437908503,57.0,61.0,-4.0,0.8815,0.8668,0.014699999999999935,0.3157700000000001,0.30107000000000017,0.014699999999999935
160,3.0,3.0,0.0,0.6205094771241829,0.5658614379084967,0.05464803921568617,57.0,61.0,-4.0,0.8984,0.896,0.0023999999999999577,0.33267000000000013,0.3302700000000002,0.0023999999999999577
161,3.0,4.0,-1.0,0.6233003267973857,0.5647676470588235,0.05853267973856213,57.0,61.0,-4.0,0.8815,0.8604,0.021099999999999897,0.3157700000000001,0.2946700000000001,0.021100000000000008
162,4.0,3.0,1.0,0.6276199346405228,0.5697915032679738,0.057828431372549005,57.0,60.0,-3.0,0.575,0.5751,-9.999999999998899e-05,0.10108333333333336,0.10118333333333335,-9.999999999998899e-05
163,4.0,4.0,0.0,0.6224552287581699,0.5610999999999999,0.06135522875817001,57.0,60.0,-3.0,0.55,0.5409,0.009099999999999997,0.07501666666666662,0.06591666666666673,0.009099999999999886
164,4.0,4.0,0.0,0.6268084967320261,0.5709555555555555,0.05585294117647055,57.0,61.0,-4.0,0.5691,0.5692,-9.999999999998899e-05,0.09586666666666666,0.09596666666666664,-9.999999999998899e-05
165,3.0,4.0,-1.0,0.6208457516339869,0.5644725490196077,0.05637320261437917,57.0,61.0,-4.0,0.9058,0.9059,-9.999999999998899e-05,0.33943333333333325,0.33953333333333324,-9.999999999998899e-05
166,4.0,3.0,1.0,0.6254173202614378,0.5610218954248366,0.06439542483660121,58.0,61.0,-3.0,0.5514,0.5514,0.0,0.07816666666666672,0.07816666666666672,0.0
167,3.0,4.0,-1.0,0.62088954248366,0.5700120915032679,0.05087745098039209,58.0,61.0,-3.0,0.5455,0.5443,0.0011999999999999789,0.07063000000000003,0.06943000000000005,0.0011999999999999789
168,3.0,4.0,-1.0,0.6243140522875816,0.567204248366013,0.057109803921568614,57.0,59.0,-2.0,0.8731,0.8589,0.01419999999999999,0.3071866666666667,0.2929866666666665,0.014200000000000212
169,3.0,4.0,-1.0,0.6211477124183007,0.5647745098039216,0.05637320261437906,57.0,61.0,-4.0,0.8922,0.8923,-9.999999999998899e-05,0.32647000000000015,0.32657000000000014,-9.999999999998899e-05
170,4.0,4.0,0.0,0.6268084967320261,0.5709555555555555,0.05585294117647055,57.0,61.0,-4.0,0.5691,0.5692,-9.999999999998899e-05,0.09586666666666666,0.09596666666666664,-9.999999999998899e-05
171,3.0,3.0,0.0,0.6226143790849672,0.5665359477124183,0.056078431372548865,57.0,61.0,-4.0,0.8947,0.8948,-9.999999999998899e-05,0.32833333333333337,0.32843333333333324,-9.999999999987796e-05
172,3.0,4.0,-1.0,0.6216941176470586,0.5573666666666667,0.06432745098039194,57.0,60.0,-3.0,0.8914,0.8757,0.015699999999999936,0.3272400000000001,0.3115399999999998,0.01570000000000027
173,3.0,4.0,-1.0,0.6248,0.5680297385620915,0.05677026143790853,56.0,60.0,-4.0,0.8707,0.8708,-9.999999999998899e-05,0.3049700000000002,0.3050700000000002,-9.999999999998899e-05
174,3.0,4.0,-1.0,0.6209196078431372,0.5644748366013073,0.056444771241829894,57.0,61.0,-4.0,0.8633,0.8634,-9.999999999998899e-05,0.2975700000000002,0.29767,-9.999999999976694e-05
175,3.0,4.0,-1.0,0.6205094771241829,0.564136274509804,0.05637320261437895,57.0,61.0,-4.0,0.9056,0.9057,-9.999999999998899e-05,0.34143999999999985,0.34153999999999995,-0.00010000000000010001
176,3.0,4.0,-1.0,0.6205924836601308,0.5641477124183006,0.056444771241830116,57.0,61.0,-4.0,0.8667,0.8668,-9.999999999998899e-05,0.30097000000000007,0.30107000000000017,-0.00010000000000010001
177,3.0,4.0,-1.0,0.6205094771241829,0.564136274509804,0.05637320261437895,57.0,61.0,-4.0,0.9097,0.9098,-0.00010000000000010001,0.3433333333333334,0.34343333333333337,-9.999999999998899e-05
178,3.0,4.0,-1.0,0.6254372549019607,0.5710068627450979,0.05443039215686274,57.0,60.0,-3.0,0.5527,0.5489,0.0037999999999999146,0.07540999999999998,0.07160999999999995,0.0038000000000000256
179,3.0,4.0,-1.0,0.6205094771241829,0.564136274509804,0.05637320261437895,57.0,61.0,-4.0,0.8996,0.8997,-0.00010000000000010001,0.3338700000000001,0.3339700000000001,-9.999999999998899e-05
180,3.0,3.0,0.0,0.621970588235294,0.5694218954248366,0.05254869281045749,57.0,60.0,-3.0,0.8997,0.8475,0.052200000000000024,0.3339700000000001,0.2817700000000001,0.052200000000000024
181,3.0,4.0,-1.0,0.625782679738562,0.5659022875816994,0.059880392156862694,56.0,59.0,-3.0,0.5488,0.5475,0.0012999999999999678,0.07488333333333336,0.07358333333333339,0.0012999999999999678
182,4.0,3.0,1.0,0.6258967320261438,0.568632679738562,0.0572640522875818,57.0,60.0,-3.0,0.8803,0.8573,0.02300000000000002,0.3145699999999999,0.29157,0.02299999999999991
183,3.0,4.0,-1.0,0.623573202614379,0.5572428104575164,0.06633039215686254,57.0,60.0,-3.0,0.8948,0.8948,0.0,0.3305233333333334,0.3305233333333334,0.0
184,3.0,4.0,-1.0,0.6248,0.5680297385620915,0.05677026143790853,56.0,60.0,-4.0,0.8707,0.8708,-9.999999999998899e-05,0.3049700000000002,0.3050700000000002,-9.999999999998899e-05
185,3.0,4.0,-1.0,0.620623202614379,0.5644689542483661,0.056154248366012904,57.0,61.0,-4.0,0.8964,0.8926,0.0038000000000000256,0.33067,0.3268700000000001,0.0037999999999999146
186,3.0,4.0,-1.0,0.626228431372549,0.5659820261437909,0.060246405228758126,56.0,59.0,-3.0,0.561,0.5597,0.0013000000000000789,0.07491666666666646,0.07361666666666661,0.0012999999999998568
187,4.0,4.0,0.0,0.6270898692810457,0.5712369281045752,0.05585294117647055,57.0,61.0,-4.0,0.5656,0.5658,-0.00019999999999997797,0.0923666666666666,0.09256666666666669,-0.000200000000000089
188,3.0,4.0,-1.0,0.6216941176470586,0.5648104575163398,0.05688366013071877,57.0,61.0,-4.0,0.8944,0.8945,-9.999999999998899e-05,0.3280333333333333,0.3281333333333333,-9.999999999998899e-05
189,4.0,4.0,0.0,0.6268084967320261,0.5628882352941176,0.06392026143790852,57.0,60.0,-3.0,0.5691,0.56,0.009099999999999997,0.09586666666666666,0.08676666666666666,0.009099999999999997
190,3.0,3.0,0.0,0.621970588235294,0.565559477124183,0.05641111111111108,57.0,61.0,-4.0,0.9112,0.9113,-9.999999999998899e-05,0.34483333333333344,0.3449333333333332,-9.999999999976694e-05
191,4.0,4.0,0.0,0.6250617647058822,0.5607928104575163,0.06426895424836587,58.0,60.0,-2.0,0.5554,0.5468,0.008600000000000052,0.08216666666666661,0.07356666666666678,0.00859999999999983
192,4.0,4.0,0.0,0.6248147058823528,0.5604192810457516,0.06439542483660121,58.0,61.0,-3.0,0.5628,0.5628,0.0,0.08910333333333337,0.08910333333333337,0.0
193,3.0,3.0,0.0,0.621970588235294,0.5662032679738562,0.055767320261437825,57.0,61.0,-4.0,0.9026,0.8853,0.017299999999999982,0.33806000000000014,0.32076000000000016,0.017299999999999982
194,3.0,4.0,-1.0,0.6221281045751633,0.5680297385620915,0.05409836601307183,56.0,60.0,-4.0,0.8792,0.8708,0.008399999999999963,0.31347000000000025,0.3050700000000002,0.008400000000000074
195,3.0,4.0,-1.0,0.6249732026143792,0.559246732026144,0.06572647058823522,57.0,60.0,-3.0,0.8912,0.8912,0.0,0.3291400000000001,0.3291400000000001,0.0
196,4.0,4.0,0.0,0.624982679738562,0.5687738562091503,0.0562088235294117,58.0,60.0,-2.0,0.5737,0.5479,0.025799999999999934,0.08782999999999991,0.062029999999999974,0.025799999999999934
197,3.0,4.0,-1.0,0.6233003267973857,0.5680297385620915,0.05527058823529418,57.0,60.0,-3.0,0.8815,0.8708,0.010699999999999932,0.3157700000000001,0.3050700000000002,0.010699999999999932
198,4.0,3.0,1.0,0.6281598039215684,0.5631820261437909,0.06497777777777758,57.0,60.0,-3.0,0.5705,0.5705,0.0,0.09726666666666661,0.09726666666666661,0.0
199,4.0,4.0,0.0,0.6253578431372548,0.5609624183006535,0.06439542483660132,58.0,61.0,-3.0,0.5483,0.5483,0.0,0.07506666666666673,0.07506666666666673,0.0
200,4.0,4.0,0.0,0.6263545751633987,0.5613630718954248,0.06499150326797387,58.0,60.0,-2.0,0.5454,0.5324,0.013000000000000012,0.07218000000000002,0.05918000000000001,0.013000000000000012
201,4.0,4.0,0.0,0.6268084967320261,0.5709555555555555,0.05585294117647055,57.0,61.0,-4.0,0.5691,0.5692,-9.999999999998899e-05,0.09586666666666666,0.09596666666666664,-9.999999999998899e-05
202,4.0,3.0,1.0,0.6249722222222222,0.5680777777777777,0.05689444444444447,58.0,60.0,-2.0,0.571,0.5625,0.008499999999999952,0.08524333333333334,0.07674333333333327,0.008500000000000063
203,3.0,4.0,-1.0,0.6248,0.5641477124183006,0.06065228758169938,56.0,61.0,-5.0,0.8707,0.8668,0.0039000000000000146,0.3049700000000002,0.30107000000000017,0.0039000000000000146
204,4.0,3.0,1.0,0.6263748366013071,0.5685464052287582,0.057828431372548894,57.0,60.0,-3.0,0.5446,0.5447,-9.999999999998899e-05,0.06834333333333337,0.06844333333333336,-9.999999999998899e-05
205,3.0,4.0,-1.0,0.6233003267973857,0.5680297385620915,0.05527058823529418,57.0,60.0,-3.0,0.8815,0.8708,0.010699999999999932,0.3157700000000001,0.3050700000000002,0.010699999999999932
206,3.0,4.0,-1.0,0.6216941176470586,0.559246732026144,0.062447385620914675,57.0,60.0,-3.0,0.8921,0.8886,0.0035000000000000586,0.33031333333333335,0.3268133333333335,0.0034999999999998366
207,4.0,4.0,0.0,0.6247356209150325,0.5602395424836601,0.0644960784313724,58.0,61.0,-3.0,0.5767,0.5767,0.0,0.09082999999999991,0.09082999999999991,0.0
208,3.0,3.0,0.0,0.621970588235294,0.5658921568627451,0.056078431372548976,57.0,61.0,-4.0,0.902,0.9021,-9.999999999998899e-05,0.33627000000000007,0.33637000000000017,-0.00010000000000010001
209,4.0,3.0,1.0,0.6259977124183006,0.5685464052287582,0.05745130718954239,58.0,60.0,-2.0,0.5602,0.5544,0.005800000000000027,0.07432999999999995,0.06853000000000004,0.005799999999999916
210,3.0,4.0,-1.0,0.6248,0.5680297385620915,0.05677026143790853,56.0,60.0,-4.0,0.8707,0.8708,-9.999999999998899e-05,0.3049700000000002,0.3050700000000002,-9.999999999998899e-05
211,3.0,4.0,-1.0,0.6221281045751633,0.5680297385620915,0.05409836601307183,56.0,60.0,-4.0,0.8792,0.8708,0.008399999999999963,0.31347000000000025,0.3050700000000002,0.008400000000000074
212,4.0,4.0,0.0,0.624982679738562,0.5604866013071896,0.0644960784313724,58.0,61.0,-3.0,0.5737,0.5737,0.0,0.08782999999999991,0.08782999999999991,0.0
213,3.0,4.0,-1.0,0.6216941176470586,0.5648104575163398,0.05688366013071877,57.0,61.0,-4.0,0.8956,0.8957,-0.00010000000000010001,0.3292333333333334,0.3293333333333335,-0.00010000000000010001
214,4.0,3.0,1.0,0.6260676470588235,0.5611594771241831,0.06490816993464033,58.0,60.0,-2.0,0.5488,0.5429,0.005899999999999905,0.07521333333333335,0.06931333333333334,0.005900000000000016
215,4.0,4.0,0.0,0.6250617647058822,0.5606663398692809,0.06439542483660121,58.0,61.0,-3.0,0.558,0.558,0.0,0.08477999999999997,0.08477999999999997,0.0
216,4.0,3.0,1.0,0.6250513071895424,0.56055522875817,0.0644960784313724,58.0,61.0,-3.0,0.5619,0.5619,0.0,0.08400000000000007,0.08400000000000007,0.0
217,3.0,4.0,-1.0,0.6208457516339869,0.5644725490196077,0.05637320261437917,57.0,61.0,-4.0,0.8957,0.8958,-9.999999999998899e-05,0.3299700000000003,0.3300700000000001,-9.999999999976694e-05
218,3.0,4.0,-1.0,0.6216941176470586,0.5648104575163398,0.05688366013071877,57.0,61.0,-4.0,0.883,0.8832,-0.00019999999999997797,0.31727000000000016,0.31747000000000003,-0.00019999999999986695
219,3.0,4.0,-1.0,0.6205094771241829,0.564136274509804,0.05637320261437895,57.0,61.0,-4.0,0.9097,0.9098,-0.00010000000000010001,0.3433333333333334,0.34343333333333337,-9.999999999998899e-05
220,4.0,4.0,0.0,0.6268513071895424,0.5615650326797386,0.06528627450980384,57.0,60.0,-3.0,0.5294,0.5255,0.0039000000000000146,0.0561666666666667,0.05226666666666657,0.0039000000000001256
221,3.0,4.0,-1.0,0.6205094771241829,0.564136274509804,0.05637320261437895,57.0,61.0,-4.0,0.9011,0.9012,-9.999999999998899e-05,0.3365600000000001,0.33666000000000007,-9.999999999998899e-05
222,3.0,4.0,-1.0,0.6205924836601308,0.5641477124183006,0.056444771241830116,57.0,61.0,-4.0,0.8667,0.8668,-9.999999999998899e-05,0.30097000000000007,0.30107000000000017,-0.00010000000000010001
223,3.0,4.0,-1.0,0.6211477124183007,0.5647745098039216,0.05637320261437906,57.0,61.0,-4.0,0.8956,0.8957,-0.00010000000000010001,0.3317133333333334,0.3318133333333335,-0.00010000000000010001
224,4.0,3.0,1.0,0.6276401960784312,0.5637323529411764,0.06390784313725484,57.0,60.0,-3.0,0.5626,0.5671,-0.0045000000000000595,0.0893666666666666,0.09386666666666654,-0.0044999999999999485
225,3.0,3.0,0.0,0.6212124183006537,0.5655558823529412,0.05565653594771247,57.0,61.0,-4.0,0.8603,0.8981,-0.037800000000000056,0.2945700000000001,0.3323700000000003,-0.03780000000000017
226,3.0,4.0,-1.0,0.620623202614379,0.5641326797385621,0.056490522875816906,57.0,61.0,-4.0,0.8964,0.8966,-0.00019999999999997797,0.33067,0.3308700000000002,-0.00020000000000020002
227,4.0,4.0,0.0,0.6268084967320261,0.5709555555555555,0.05585294117647055,57.0,61.0,-4.0,0.5691,0.5692,-9.999999999998899e-05,0.09586666666666666,0.09596666666666664,-9.999999999998899e-05
228,4.0,3.0,1.0,0.6256643790849672,0.5611483660130719,0.06451601307189525,58.0,60.0,-2.0,0.5466,0.5406,0.006000000000000005,0.07336666666666669,0.06736666666666669,0.006000000000000005
229,3.0,4.0,-1.0,0.6216941176470586,0.5648104575163398,0.05688366013071877,57.0,61.0,-4.0,0.897,0.8971,-9.999999999998899e-05,0.3319266666666666,0.3320266666666668,-0.00010000000000021103
230,3.0,4.0,-1.0,0.6216941176470586,0.5648104575163398,0.05688366013071877,57.0,61.0,-4.0,0.897,0.8971,-9.999999999998899e-05,0.3319266666666666,0.3320266666666668,-0.00010000000000021103
231,4.0,3.0,1.0,0.6252192810457515,0.5680777777777777,0.05714150326797385,58.0,60.0,-2.0,0.5684,0.5625,0.005900000000000016,0.0826433333333334,0.07674333333333327,0.005900000000000127
232,3.0,4.0,-1.0,0.6233003267973857,0.5641477124183006,0.05915261437908503,57.0,61.0,-4.0,0.8815,0.8668,0.014699999999999935,0.3157700000000001,0.30107000000000017,0.014699999999999935
233,3.0,4.0,-1.0,0.6205924836601308,0.5641477124183006,0.056444771241830116,57.0,61.0,-4.0,0.8667,0.8668,-9.999999999998899e-05,0.30097000000000007,0.30107000000000017,-0.00010000000000010001
234,3.0,4.0,-1.0,0.6208457516339869,0.5644725490196077,0.05637320261437917,57.0,61.0,-4.0,0.9058,0.9059,-9.999999999998899e-05,0.33943333333333325,0.33953333333333324,-9.999999999998899e-05
235,4.0,4.0,0.0,0.6268084967320261,0.5626411764705882,0.0641673202614379,57.0,60.0,-3.0,0.5691,0.5626,0.006500000000000061,0.09586666666666666,0.0893666666666666,0.006500000000000061
236,4.0,4.0,0.0,0.6245437908496732,0.5671411764705883,0.05740261437908489,57.0,60.0,-3.0,0.886,0.8668,0.019199999999999995,0.32027000000000005,0.30107000000000017,0.019199999999999884
237,3.0,4.0,-1.0,0.62383954248366,0.566766339869281,0.05707320261437898,57.0,59.0,-2.0,0.866,0.8494,0.016599999999999948,0.3039333333333334,0.2873333333333332,0.01660000000000017
238,3.0,4.0,-1.0,0.6221281045751633,0.5680297385620915,0.05409836601307183,56.0,60.0,-4.0,0.8792,0.8708,0.008399999999999963,0.31347000000000025,0.3050700000000002,0.008400000000000074
239,3.0,4.0,-1.0,0.6216941176470586,0.5648104575163398,0.05688366013071877,57.0,61.0,-4.0,0.8858,0.8859,-9.999999999998899e-05,0.32126,0.3213600000000002,-0.00010000000000021103
240,3.0,3.0,0.0,0.621970588235294,0.5658921568627451,0.056078431372548976,57.0,61.0,-4.0,0.908,0.9081,-9.999999999998899e-05,0.34384000000000003,0.34394,-9.999999999998899e-05
241,4.0,3.0,1.0,0.6249722222222222,0.5685539215686274,0.056418300653594766,58.0,60.0,-2.0,0.575,0.5523,0.022699999999999942,0.08785666666666664,0.0651566666666667,0.022699999999999942
242,3.0,4.0,-1.0,0.6205924836601308,0.5641477124183006,0.056444771241830116,57.0,61.0,-4.0,0.8667,0.8668,-9.999999999998899e-05,0.30097000000000007,0.30107000000000017,-0.00010000000000010001
243,3.0,4.0,-1.0,0.6216941176470586,0.5648104575163398,0.05688366013071877,57.0,61.0,-4.0,0.8877,0.8878,-9.999999999998899e-05,0.3238133333333334,0.3239133333333333,-9.999999999987796e-05
244,3.0,4.0,-1.0,0.6216941176470586,0.559246732026144,0.062447385620914675,57.0,60.0,-3.0,0.8929,0.8894,0.0035000000000000586,0.33003666666666676,0.3265366666666666,0.0035000000000001696
245,3.0,4.0,-1.0,0.6209196078431372,0.5667993464052288,0.05412026143790838,57.0,60.0,-3.0,0.8633,0.8518,0.011499999999999955,0.2975700000000002,0.28607000000000016,0.011500000000000066
246,3.0,4.0,-1.0,0.6208457516339869,0.5644725490196077,0.05637320261437917,57.0,61.0,-4.0,0.8957,0.8958,-9.999999999998899e-05,0.3299700000000003,0.3300700000000001,-9.999999999976694e-05
247,3.0,4.0,-1.0,0.6248101307189542,0.566871568627451,0.057938562091503165,57.0,59.0,-2.0,0.8775,0.8425,0.03499999999999992,0.31425666666666674,0.2792566666666668,0.03499999999999992
248,4.0,4.0,0.0,0.625525816993464,0.5684666666666668,0.0570591503267972,58.0,60.0,-2.0,0.564,0.5582,0.005799999999999916,0.07812999999999998,0.07232999999999995,0.005800000000000027
249,4.0,4.0,0.0,0.6256049019607843,0.561088888888889,0.06451601307189536,58.0,60.0,-2.0,0.5483,0.5423,0.006000000000000005,0.07508000000000004,0.06908000000000003,0.006000000000000005
250,3.0,4.0,-1.0,0.6235604575163399,0.5687228758169934,0.054837581699346494,57.0,60.0,-3.0,0.8929,0.8763,0.01660000000000006,0.3284033333333335,0.31180333333333343,0.01660000000000006
251,4.0,4.0,0.0,0.6244395424836602,0.5599434640522876,0.06449607843137262,58.0,61.0,-3.0,0.5689,0.5689,0.0,0.09100000000000008,0.09100000000000008,0.0
252,3.0,3.0,0.0,0.621970588235294,0.5658921568627451,0.056078431372548976,57.0,61.0,-4.0,0.9035,0.9036,-9.999999999998899e-05,0.33896000000000004,0.33906000000000014,-0.00010000000000010001
253,3.0,4.0,-1.0,0.6205094771241829,0.564136274509804,0.05637320261437895,57.0,61.0,-4.0,0.903,0.9031,-9.999999999998899e-05,0.33911333333333327,0.33921333333333326,-9.999999999998899e-05
254,3.0,3.0,0.0,0.6250209150326796,0.5686235294117647,0.0563973856209149,56.0,60.0,-4.0,0.8775,0.8776,-0.00010000000000010001,0.31333999999999995,0.31343999999999994,-9.999999999998899e-05
255,3.0,4.0,-1.0,0.623573202614379,0.5572428104575164,0.06633039215686254,57.0,60.0,-3.0,0.8882,0.8882,0.0,0.3261400000000002,0.3261400000000002,0.0
256,3.0,4.0,-1.0,0.6247049019607843,0.5593705882352942,0.06533431372549015,57.0,60.0,-3.0,0.8828,0.8828,0.0,0.31643333333333334,0.31643333333333334,0.0
257,4.0,4.0,0.0,0.620458496732026,0.5648480392156863,0.05561045751633975,58.0,61.0,-3.0,0.8539,0.8397,0.01419999999999999,0.2906566666666669,0.2764566666666668,0.014200000000000101
258,3.0,4.0,-1.0,0.6238591503267974,0.5575287581699347,0.06633039215686265,57.0,60.0,-3.0,0.8804,0.8804,0.0,0.32067333333333325,0.32067333333333325,0.0
259,4.0,4.0,0.0,0.6253578431372548,0.5609624183006535,0.06439542483660132,58.0,61.0,-3.0,0.5528,0.5528,0.0,0.07910333333333336,0.07910333333333336,0.0
260,3.0,3.0,0.0,0.6222725490196077,0.5658614379084967,0.05641111111111097,57.0,61.0,-4.0,0.8949,0.895,-9.999999999998899e-05,0.32916999999999996,0.3292700000000002,-0.00010000000000021103
261,4.0,4.0,0.0,0.6250617647058822,0.5607928104575163,0.06426895424836587,58.0,60.0,-2.0,0.5598,0.5512,0.008599999999999941,0.08610333333333337,0.07750333333333331,0.008600000000000052
262,4.0,3.0,1.0,0.62624477124183,0.5685464052287582,0.05769836601307177,58.0,60.0,-2.0,0.5496,0.5461,0.0034999999999999476,0.07147666666666663,0.06797666666666669,0.0034999999999999476
263,3.0,3.0,0.0,0.621970588235294,0.565559477124183,0.05641111111111108,57.0,61.0,-4.0,0.8988,0.899,-0.00019999999999997797,0.3330700000000002,0.3332700000000002,-0.00019999999999997797
264,3.0,4.0,-1.0,0.6260624183006535,0.5665297385620914,0.05953267973856202,56.0,59.0,-3.0,0.5459,0.5446,0.0013000000000000789,0.07091666666666674,0.06961666666666666,0.0013000000000000789
265,3.0,4.0,-1.0,0.6248101307189542,0.559475816993464,0.06533431372549015,57.0,60.0,-3.0,0.893,0.893,0.0,0.3270866666666665,0.3270866666666665,0.0
266,3.0,4.0,-1.0,0.6245369281045752,0.569397385620915,0.05513954248366015,57.0,60.0,-3.0,0.873,0.8588,0.01419999999999999,0.31381000000000014,0.29960999999999993,0.014200000000000212
267,3.0,4.0,-1.0,0.6208457516339869,0.5644725490196077,0.05637320261437917,57.0,61.0,-4.0,0.8971,0.8973,-0.00019999999999997797,0.3325600000000002,0.33276000000000006,-0.00019999999999986695
268,3.0,4.0,-1.0,0.6208457516339869,0.5644725490196077,0.05637320261437917,57.0,61.0,-4.0,0.8957,0.8958,-9.999999999998899e-05,0.3299700000000003,0.3300700000000001,-9.999999999976694e-05
269,3.0,4.0,-1.0,0.6233003267973857,0.5641477124183006,0.05915261437908503,57.0,61.0,-4.0,0.8815,0.8668,0.014699999999999935,0.3157700000000001,0.30107000000000017,0.014699999999999935
270,3.0,4.0,-1.0,0.6205094771241829,0.564136274509804,0.05637320261437895,57.0,61.0,-4.0,0.9056,0.9057,-9.999999999998899e-05,0.34143999999999985,0.34153999999999995,-0.00010000000000010001
271,4.0,3.0,1.0,0.6254173202614378,0.5610218954248366,0.06439542483660121,58.0,61.0,-3.0,0.5528,0.5528,0.0,0.07957999999999998,0.07957999999999998,0.0
272,3.0,4.0,-1.0,0.6208457516339869,0.5644725490196077,0.05637320261437917,57.0,61.0,-4.0,0.8944,0.8946,-0.00019999999999997797,0.32867000000000013,0.3288700000000001,-0.00019999999999997797
273,4.0,4.0,0.0,0.6268084967320261,0.5709555555555555,0.05585294117647055,57.0,61.0,-4.0,0.5691,0.5692,-9.999999999998899e-05,0.09586666666666666,0.09596666666666664,-9.999999999998899e-05
274,3.0,4.0,-1.0,0.6216941176470586,0.5593705882352942,0.062323529411764444,57.0,60.0,-3.0,0.8888,0.8761,0.012700000000000045,0.32491333333333317,0.31221333333333334,0.012699999999999823
275,4.0,4.0,0.0,0.6270898692810457,0.5626411764705882,0.06444869281045751,57.0,60.0,-3.0,0.5656,0.5626,0.0030000000000000027,0.0923666666666666,0.0893666666666666,0.0030000000000000027
276,3.0,4.0,-1.0,0.6249732026143792,0.5572428104575164,0.06773039215686272,57.0,60.0,-3.0,0.8909,0.8879,0.0030000000000000027,0.32453333333333323,0.3215333333333331,0.0030000000000001137
277,4.0,4.0,0.0,0.6270898692810457,0.5712369281045752,0.05585294117647055,57.0,61.0,-4.0,0.5656,0.5658,-0.00019999999999997797,0.0923666666666666,0.09256666666666669,-0.000200000000000089
278,3.0,3.0,0.0,0.6205094771241829,0.568632679738562,0.0518767973856209,57.0,60.0,-3.0,0.9056,0.8633,0.042300000000000004,0.34143999999999985,0.2991400000000001,0.04229999999999978
279,4.0,3.0,1.0,0.6244212418300653,0.5688133986928106,0.05560784313725475,57.0,60.0,-3.0,0.8582,0.8409,0.017299999999999982,0.2924700000000001,0.27517000000000014,0.017299999999999982
280,3.0,3.0,0.0,0.620623202614379,0.5655558823529412,0.05506732026143779,57.0,61.0,-4.0,0.8964,0.8981,-0.0017000000000000348,0.33067,0.3323700000000003,-0.0017000000000002569
281,3.0,3.0,0.0,0.6222725490196077,0.5658614379084967,0.05641111111111097,57.0,61.0,-4.0,0.9005,0.9006,-9.999999999998899e-05,0.33661333333333343,0.3367133333333333,-9.999999999987796e-05
282,4.0,3.0,1.0,0.6251496732026143,0.5682643790849673,0.05688529411764698,58.0,60.0,-2.0,0.5821,0.5762,0.005899999999999905,0.0863000000000001,0.08039999999999997,0.005900000000000127
283,3.0,4.0,-1.0,0.6233003267973857,0.5680297385620915,0.05527058823529418,57.0,60.0,-3.0,0.8815,0.8708,0.010699999999999932,0.3157700000000001,0.3050700000000002,0.010699999999999932
284,4.0,3.0,1.0,0.6254173202614378,0.5610218954248366,0.06439542483660121,58.0,61.0,-3.0,0.5536,0.5536,0.0,0.07990333333333338,0.07990333333333338,0.0
285,3.0,4.0,-1.0,0.6205094771241829,0.564136274509804,0.05637320261437895,57.0,61.0,-4.0,0.903,0.9031,-9.999999999998899e-05,0.33911333333333327,0.33921333333333326,-9.999999999998899e-05
286,3.0,4.0,-1.0,0.6237539215686273,0.5574235294117647,0.06633039215686265,57.0,60.0,-3.0,0.8701,0.8701,0.0,0.3072366666666667,0.3072366666666667,0.0
287,3.0,4.0,-1.0,0.6205094771241829,0.564136274509804,0.05637320261437895,57.0,61.0,-4.0,0.8996,0.8997,-0.00010000000000010001,0.3338700000000001,0.3339700000000001,-9.999999999998899e-05
288,4.0,3.0,1.0,0.6250513071895424,0.56055522875817,0.0644960784313724,58.0,61.0,-3.0,0.5612,0.5612,0.0,0.08600000000000013,0.08600000000000013,0.0
289,4.0,3.0,1.0,0.6287101307189542,0.5637323529411764,0.0649777777777778,57.0,60.0,-3.0,0.5671,0.5671,0.0,0.09386666666666654,0.09386666666666654,0.0
290,4.0,3.0,1.0,0.6248147058823528,0.5614464052287583,0.06336830065359444,58.0,60.0,-2.0,0.561,0.5384,0.022600000000000064,0.08777999999999986,0.06518000000000002,0.022599999999999842
291,3.0,4.0,-1.0,0.6215712418300653,0.568928431372549,0.05264281045751629,57.0,60.0,-3.0,0.5554,0.5542,0.0011999999999999789,0.06951666666666662,0.06831666666666664,0.0011999999999999789
292,4.0,3.0,1.0,0.6255454248366011,0.5685464052287582,0.05699901960784293,58.0,60.0,-2.0,0.5622,0.5484,0.013800000000000034,0.0830200000000001,0.06922000000000006,0.013800000000000034
293,3.0,4.0,-1.0,0.6205094771241829,0.564136274509804,0.05637320261437895,57.0,61.0,-4.0,0.8974,0.8975,-9.999999999998899e-05,0.33167000000000024,0.33177000000000023,-9.999999999998899e-05
294,3.0,4.0,-1.0,0.6233003267973857,0.5680297385620915,0.05527058823529418,57.0,60.0,-3.0,0.8815,0.8708,0.010699999999999932,0.3157700000000001,0.3050700000000002,0.010699999999999932
295,4.0,3.0,1.0,0.6289147058823529,0.5641232026143791,0.06479150326797378,57.0,60.0,-3.0,0.5557,0.5557,0.0,0.08246666666666669,0.08246666666666669,0.0
296,4.0,4.0,0.0,0.6268084967320261,0.5709555555555555,0.05585294117647055,57.0,61.0,-4.0,0.5691,0.5692,-9.999999999998899e-05,0.09586666666666666,0.09596666666666664,-9.999999999998899e-05
297,3.0,3.0,0.0,0.621970588235294,0.5658921568627451,0.056078431372548976,57.0,61.0,-4.0,0.9054,0.9055,-9.999999999998899e-05,0.34151333333333334,0.3416133333333333,-9.999999999998899e-05
298,3.0,3.0,0.0,0.621970588235294,0.5661941176470588,0.055776470588235205,57.0,61.0,-4.0,0.9008,0.8969,0.0039000000000000146,0.3350700000000002,0.3311700000000001,0.0039000000000001256
299,4.0,4.0,0.0,0.6268513071895424,0.5615650326797386,0.06528627450980384,57.0,60.0,-3.0,0.5363,0.5323,0.0040000000000000036,0.061316666666666686,0.05731666666666668,0.0040000000000000036
300,3.0,4.0,-1.0,0.6233003267973857,0.5641477124183006,0.05915261437908503,57.0,61.0,-4.0,0.8815,0.8668,0.014699999999999935,0.3157700000000001,0.30107000000000017,0.014699999999999935
301,3.0,4.0,-1.0,0.6214215686274509,0.5690898692810457,0.05233169934640525,57.0,60.0,-3.0,0.5452,0.544,0.0011999999999999789,0.06707666666666678,0.0658766666666667,0.0012000000000000899
302,3.0,4.0,-1.0,0.6205094771241829,0.564136274509804,0.05637320261437895,57.0,61.0,-4.0,0.903,0.9031,-9.999999999998899e-05,0.33911333333333327,0.33921333333333326,-9.999999999998899e-05
303,3.0,4.0,-1.0,0.6205924836601308,0.5644748366013073,0.056117647058823494,57.0,61.0,-4.0,0.8667,0.8634,0.0033000000000000806,0.30097000000000007,0.29767,0.0033000000000000806
304,3.0,3.0,0.0,0.621970588235294,0.565559477124183,0.05641111111111108,57.0,61.0,-4.0,0.9045,0.9046,-9.999999999998899e-05,0.3406133333333333,0.3407133333333333,-9.999999999998899e-05
305,4.0,4.0,0.0,0.6268084967320261,0.5709555555555555,0.05585294117647055,57.0,61.0,-4.0,0.5691,0.5692,-9.999999999998899e-05,0.09586666666666666,0.09596666666666664,-9.999999999998899e-05
306,4.0,3.0,1.0,0.6254173202614378,0.5619114379084967,0.06350588235294108,58.0,60.0,-2.0,0.5502,0.5282,0.02200000000000002,0.07696666666666663,0.05496666666666661,0.02200000000000002
307,3.0,4.0,-1.0,0.6205094771241829,0.564136274509804,0.05637320261437895,57.0,61.0,-4.0,0.8974,0.8975,-9.999999999998899e-05,0.33167000000000024,0.33177000000000023,-9.999999999998899e-05
308,3.0,4.0,-1.0,0.6205094771241829,0.5647745098039216,0.055734967320261286,57.0,61.0,-4.0,0.8974,0.8901,0.007299999999999973,0.33167000000000024,0.32437000000000016,0.007300000000000084
309,3.0,4.0,-1.0,0.6233003267973857,0.5680297385620915,0.05527058823529418,57.0,60.0,-3.0,0.8815,0.8708,0.010699999999999932,0.3157700000000001,0.3050700000000002,0.010699999999999932
310,3.0,4.0,-1.0,0.6233003267973857,0.5680297385620915,0.05527058823529418,57.0,60.0,-3.0,0.8815,0.8708,0.010699999999999932,0.3157700000000001,0.3050700000000002,0.010699999999999932
311,3.0,4.0,-1.0,0.6205924836601308,0.5641477124183006,0.056444771241830116,57.0,61.0,-4.0,0.8667,0.8668,-9.999999999998899e-05,0.30097000000000007,0.30107000000000017,-0.00010000000000010001
312,4.0,3.0,1.0,0.6220660130718955,0.5688676470588235,0.05319836601307193,57.0,60.0,-3.0,0.568,0.5668,0.0011999999999999789,0.0722000000000001,0.07100000000000001,0.0012000000000000899
313,3.0,4.0,-1.0,0.620623202614379,0.5644689542483661,0.056154248366012904,57.0,61.0,-4.0,0.8964,0.8926,0.0038000000000000256,0.33067,0.3268700000000001,0.0037999999999999146
314,3.0,4.0,-1.0,0.6242375816993463,0.566871568627451,0.05736601307189526,57.0,59.0,-2.0,0.8624,0.8482,0.014200000000000101,0.2995366666666668,0.2853366666666667,0.014200000000000101
315,4.0,4.0,0.0,0.6248147058823528,0.5604192810457516,0.06439542483660121,58.0,61.0,-3.0,0.5596,0.5596,0.0,0.08636666666666659,0.08636666666666659,0.0
316,3.0,4.0,-1.0,0.6241160130718953,0.5664647058823529,0.05765130718954248,55.0,59.0,-4.0,0.5683,0.5684,-9.999999999998899e-05,0.07250000000000006,0.07260000000000005,-9.999999999998899e-05
317,3.0,4.0,-1.0,0.6205924836601308,0.5641477124183006,0.056444771241830116,57.0,61.0,-4.0,0.8667,0.8668,-9.999999999998899e-05,0.30097000000000007,0.30107000000000017,-0.00010000000000010001
318,3.0,4.0,-1.0,0.6208457516339869,0.5647745098039216,0.05607124183006529,57.0,61.0,-4.0,0.8957,0.8923,0.0034000000000000696,0.3299700000000003,0.32657000000000014,0.0034000000000001807
319,4.0,3.0,1.0,0.6252192810457515,0.5680777777777777,0.05714150326797385,58.0,60.0,-2.0,0.5684,0.5625,0.005900000000000016,0.0826433333333334,0.07674333333333327,0.005900000000000127
320,3.0,4.0,-1.0,0.6205094771241829,0.564136274509804,0.05637320261437895,57.0,61.0,-4.0,0.9011,0.9012,-9.999999999998899e-05,0.3365600000000001,0.33666000000000007,-9.999999999998899e-05
321,3.0,4.0,-1.0,0.623573202614379,0.5572428104575164,0.06633039215686254,57.0,60.0,-3.0,0.8864,0.8864,0.0,0.3235366666666666,0.3235366666666666,0.0
322,3.0,3.0,0.0,0.621970588235294,0.565559477124183,0.05641111111111108,57.0,61.0,-4.0,0.9011,0.9012,-9.999999999998899e-05,0.33537000000000017,0.33547000000000016,-9.999999999998899e-05
323,3.0,4.0,-1.0,0.6233003267973857,0.5680297385620915,0.05527058823529418,57.0,60.0,-3.0,0.8815,0.8708,0.010699999999999932,0.3157700000000001,0.3050700000000002,0.010699999999999932
324,3.0,4.0,-1.0,0.6233003267973857,0.5680297385620915,0.05527058823529418,57.0,60.0,-3.0,0.8815,0.8708,0.010699999999999932,0.3157700000000001,0.3050700000000002,0.010699999999999932
325,4.0,3.0,1.0,0.6254173202614378,0.5610218954248366,0.06439542483660121,58.0,61.0,-3.0,0.5528,0.5528,0.0,0.07957999999999998,0.07957999999999998,0.0
326,3.0,4.0,-1.0,0.6248,0.5647709150326798,0.06002908496732018,56.0,61.0,-5.0,0.8707,0.8892,-0.01849999999999996,0.3049700000000002,0.32347000000000004,-0.01849999999999985
327,4.0,4.0,0.0,0.6276401960784312,0.5626411764705882,0.06499901960784304,57.0,60.0,-3.0,0.5626,0.5626,0.0,0.0893666666666666,0.0893666666666666,0.0
328,4.0,4.0,0.0,0.6270898692810457,0.5712369281045752,0.05585294117647055,57.0,61.0,-4.0,0.5656,0.5658,-0.00019999999999997797,0.0923666666666666,0.09256666666666669,-0.000200000000000089
329,3.0,4.0,-1.0,0.623573202614379,0.5572428104575164,0.06633039215686254,57.0,60.0,-3.0,0.8906,0.8906,0.0,0.32853333333333323,0.32853333333333323,0.0
330,3.0,4.0,-1.0,0.620623202614379,0.5641326797385621,0.056490522875816906,57.0,61.0,-4.0,0.8964,0.8966,-0.00019999999999997797,0.33067,0.3308700000000002,-0.00020000000000020002
331,3.0,4.0,-1.0,0.6228565359477123,0.5656859477124183,0.05717058823529397,56.0,59.0,-3.0,0.5685,0.565,0.0035000000000000586,0.08156333333333338,0.07806333333333332,0.0035000000000000586
332,3.0,4.0,-1.0,0.6208457516339869,0.5644725490196077,0.05637320261437917,57.0,61.0,-4.0,0.8971,0.8973,-0.00019999999999997797,0.3325600000000002,0.33276000000000006,-0.00019999999999986695
333,3.0,3.0,0.0,0.6227281045751634,0.5687529411764706,0.053975163398692794,57.0,60.0,-3.0,0.8805,0.8448,0.035699999999999954,0.3147700000000002,0.27907000000000015,0.035700000000000065
334,3.0,4.0,-1.0,0.6205094771241829,0.564136274509804,0.05637320261437895,57.0,61.0,-4.0,0.903,0.9031,-9.999999999998899e-05,0.33911333333333327,0.33921333333333326,-9.999999999998899e-05
335,3.0,4.0,-1.0,0.6221281045751633,0.5680297385620915,0.05409836601307183,56.0,60.0,-4.0,0.8792,0.8708,0.008399999999999963,0.31347000000000025,0.3050700000000002,0.008400000000000074
336,4.0,3.0,1.0,0.6224006535947713,0.569603594771242,0.05279705882352925,57.0,60.0,-3.0,0.5477,0.5465,0.0011999999999999789,0.061829999999999996,0.060629999999999906,0.0012000000000000899
337,4.0,4.0,0.0,0.6228019607843137,0.5667993464052288,0.056002614379084936,57.0,60.0,-3.0,0.8553,0.8518,0.0034999999999999476,0.2895700000000003,0.28607000000000016,0.0035000000000001696
338,3.0,4.0,-1.0,0.6205094771241829,0.564136274509804,0.05637320261437895,57.0,61.0,-4.0,0.9011,0.9012,-9.999999999998899e-05,0.3365600000000001,0.33666000000000007,-9.999999999998899e-05
339,4.0,4.0,0.0,0.6268084967320261,0.5712369281045752,0.05557156862745094,57.0,61.0,-4.0,0.5691,0.5658,0.0033000000000000806,0.09586666666666666,0.09256666666666669,0.0032999999999999696
340,4.0,3.0,1.0,0.6247356209150325,0.5685464052287582,0.05618921568627433,58.0,60.0,-2.0,0.5767,0.5534,0.023299999999999987,0.09082999999999991,0.06752999999999992,0.023299999999999987
341,3.0,4.0,-1.0,0.6221281045751633,0.5680297385620915,0.05409836601307183,56.0,60.0,-4.0,0.8792,0.8708,0.008399999999999963,0.31347000000000025,0.3050700000000002,0.008400000000000074
342,3.0,4.0,-1.0,0.6248,0.5680297385620915,0.05677026143790853,56.0,60.0,-4.0,0.8707,0.8708,-9.999999999998899e-05,0.3049700000000002,0.3050700000000002,-9.999999999998899e-05
343,3.0,4.0,-1.0,0.6248,0.5680297385620915,0.05677026143790853,56.0,60.0,-4.0,0.8707,0.8708,-9.999999999998899e-05,0.3049700000000002,0.3050700000000002,-9.999999999998899e-05
344,3.0,4.0,-1.0,0.6208457516339869,0.56714477124183,0.05370098039215687,57.0,60.0,-3.0,0.8934,0.8677,0.025699999999999945,0.3276699999999999,0.30197000000000007,0.025699999999999834
345,3.0,4.0,-1.0,0.6233003267973857,0.5680297385620915,0.05527058823529418,57.0,60.0,-3.0,0.8815,0.8708,0.010699999999999932,0.3157700000000001,0.3050700000000002,0.010699999999999932
346,3.0,4.0,-1.0,0.6205094771241829,0.564136274509804,0.05637320261437895,57.0,61.0,-4.0,0.9097,0.9098,-0.00010000000000010001,0.3433333333333334,0.34343333333333337,-9.999999999998899e-05
347,4.0,4.0,0.0,0.6276401960784312,0.5721300653594772,0.055510130718954054,57.0,60.0,-3.0,0.5626,0.5541,0.008499999999999952,0.0893666666666666,0.08086666666666664,0.008499999999999952
348,4.0,3.0,1.0,0.6250513071895424,0.56055522875817,0.0644960784313724,58.0,61.0,-3.0,0.5705,0.5705,0.0,0.08888333333333326,0.08888333333333326,0.0
349,3.0,4.0,-1.0,0.6248,0.5680297385620915,0.05677026143790853,56.0,60.0,-4.0,0.8707,0.8708,-9.999999999998899e-05,0.3049700000000002,0.3050700000000002,-9.999999999998899e-05
350,4.0,3.0,1.0,0.6255944444444445,0.568535294117647,0.057059150326797425,58.0,60.0,-2.0,0.5649,0.559,0.005899999999999905,0.07902999999999999,0.07313000000000008,0.005899999999999905
351,4.0,3.0,1.0,0.6258091503267972,0.5682754901960785,0.0575336601307187,58.0,60.0,-2.0,0.5764,0.5706,0.005800000000000027,0.08060000000000006,0.07480000000000003,0.005800000000000027
352,3.0,4.0,-1.0,0.6249732026143792,0.5664728758169935,0.058500326797385704,57.0,59.0,-2.0,0.8894,0.8587,0.03069999999999995,0.3265366666666666,0.29583666666666664,0.03069999999999995
353,3.0,4.0,-1.0,0.6208457516339869,0.5644725490196077,0.05637320261437917,57.0,61.0,-4.0,0.8957,0.8958,-9.999999999998899e-05,0.3299700000000003,0.3300700000000001,-9.999999999976694e-05
354,3.0,4.0,-1.0,0.6233003267973857,0.5680297385620915,0.05527058823529418,57.0,60.0,-3.0,0.8815,0.8708,0.010699999999999932,0.3157700000000001,0.3050700000000002,0.010699999999999932
355,3.0,4.0,-1.0,0.6205094771241829,0.5644725490196077,0.05603692810457517,57.0,61.0,-4.0,0.8996,0.8958,0.0037999999999999146,0.3338700000000001,0.3300700000000001,0.0038000000000000256
356,3.0,4.0,-1.0,0.6248101307189542,0.5574718954248365,0.06733823529411764,57.0,60.0,-3.0,0.8768,0.8738,0.0030000000000000027,0.3129133333333334,0.30991333333333326,0.0030000000000001137
357,3.0,4.0,-1.0,0.6248,0.5680297385620915,0.05677026143790853,56.0,60.0,-4.0,0.8707,0.8708,-9.999999999998899e-05,0.3049700000000002,0.3050700000000002,-9.999999999998899e-05
358,3.0,3.0,0.0,0.6223862745098039,0.565857843137255,0.056528431372548926,57.0,61.0,-4.0,0.894,0.8941,-9.999999999998899e-05,0.32826999999999995,0.32837000000000016,-0.00010000000000021103
359,4.0,4.0,0.0,0.6268084967320261,0.5709555555555555,0.05585294117647055,57.0,61.0,-4.0,0.5691,0.5692,-9.999999999998899e-05,0.09586666666666666,0.09596666666666664,-9.999999999998899e-05
360,3.0,4.0,-1.0,0.6208457516339869,0.5644725490196077,0.05637320261437917,57.0,61.0,-4.0,0.9058,0.9059,-9.999999999998899e-05,0.33943333333333325,0.33953333333333324,-9.999999999998899e-05
361,3.0,4.0,-1.0,0.620959477124183,0.5644689542483661,0.056490522875816906,57.0,61.0,-4.0,0.8925,0.8926,-9.999999999998899e-05,0.3267700000000001,0.3268700000000001,-9.999999999998899e-05
362,3.0,4.0,-1.0,0.6208457516339869,0.5644725490196077,0.05637320261437917,57.0,61.0,-4.0,0.899,0.8992,-0.00019999999999997797,0.3351133333333334,0.33531333333333324,-0.00019999999999986695
363,4.0,3.0,1.0,0.6268084967320261,0.5639794117647059,0.0628290849673202,57.0,60.0,-3.0,0.5691,0.5641,0.0050000000000000044,0.09586666666666666,0.09086666666666665,0.0050000000000000044
364,3.0,4.0,-1.0,0.6205094771241829,0.564136274509804,0.05637320261437895,57.0,61.0,-4.0,0.903,0.9031,-9.999999999998899e-05,0.33911333333333327,0.33921333333333326,-9.999999999998899e-05
365,4.0,3.0,1.0,0.6252983660130719,0.5682392156862744,0.057059150326797425,58.0,60.0,-2.0,0.5569,0.551,0.005899999999999905,0.08202999999999999,0.07612999999999998,0.005900000000000016
366,3.0,4.0,-1.0,0.6205924836601308,0.5641326797385621,0.056459803921568685,57.0,61.0,-4.0,0.8667,0.8966,-0.029899999999999927,0.30097000000000007,0.3308700000000002,-0.02990000000000015
367,4.0,4.0,0.0,0.6248147058823528,0.5604192810457516,0.06439542483660121,58.0,61.0,-3.0,0.561,0.561,0.0,0.08777999999999986,0.08777999999999986,0.0
368,4.0,4.0,0.0,0.6248147058823528,0.5607928104575163,0.0640218954248365,58.0,60.0,-2.0,0.5628,0.5512,0.011599999999999944,0.08910333333333337,0.07750333333333331,0.011600000000000055
369,3.0,4.0,-1.0,0.6234486928104574,0.5662781045751634,0.057170588235294084,56.0,59.0,-3.0,0.5765,0.5731,0.0033999999999999586,0.08629666666666674,0.08289666666666667,0.0034000000000000696
370,4.0,3.0,1.0,0.6254173202614378,0.5610218954248366,0.06439542483660121,58.0,61.0,-3.0,0.5525,0.5525,0.0,0.0792666666666666,0.0792666666666666,0.0
371,4.0,3.0,1.0,0.6246866013071894,0.5682503267973857,0.05643627450980371,58.0,60.0,-2.0,0.5659,0.5456,0.020299999999999985,0.08799999999999997,0.06769999999999987,0.020300000000000096
372,4.0,3.0,1.0,0.6254173202614378,0.5610218954248366,0.06439542483660121,58.0,61.0,-3.0,0.5546,0.5546,0.0,0.08090333333333338,0.08090333333333338,0.0
373,3.0,4.0,-1.0,0.6228885620915032,0.5664728758169935,0.05641568627450977,57.0,59.0,-2.0,0.8822,0.8656,0.016599999999999948,0.31792999999999993,0.30133,0.016599999999999948
374,3.0,4.0,-1.0,0.6221281045751633,0.5680297385620915,0.05409836601307183,56.0,60.0,-4.0,0.8792,0.8708,0.008399999999999963,0.31347000000000025,0.3050700000000002,0.008400000000000074
375,3.0,4.0,-1.0,0.6205094771241829,0.564136274509804,0.05637320261437895,57.0,61.0,-4.0,0.9097,0.9098,-0.00010000000000010001,0.3433333333333334,0.34343333333333337,-9.999999999998899e-05
376,3.0,4.0,-1.0,0.6205094771241829,0.564136274509804,0.05637320261437895,57.0,61.0,-4.0,0.8974,0.8975,-9.999999999998899e-05,0.33167000000000024,0.33177000000000023,-9.999999999998899e-05
377,3.0,4.0,-1.0,0.6216941176470586,0.5648104575163398,0.05688366013071877,57.0,61.0,-4.0,0.887,0.8871,-9.999999999998899e-05,0.32245999999999997,0.32256000000000007,-0.00010000000000010001
378,3.0,4.0,-1.0,0.6216941176470586,0.559246732026144,0.062447385620914675,57.0,60.0,-3.0,0.9012,0.8978,0.0033999999999999586,0.33692333333333346,0.3335233333333334,0.0034000000000000696
379,3.0,4.0,-1.0,0.6249732026143792,0.559246732026144,0.06572647058823522,57.0,60.0,-3.0,0.8936,0.8936,0.0,0.32852666666666663,0.32852666666666663,0.0
380,3.0,4.0,-1.0,0.6209196078431372,0.5644689542483661,0.05645065359477108,57.0,61.0,-4.0,0.8633,0.8926,-0.029299999999999993,0.2975700000000002,0.3268700000000001,-0.02929999999999988
381,3.0,4.0,-1.0,0.6249732026143792,0.559246732026144,0.06572647058823522,57.0,60.0,-3.0,0.8954,0.8954,0.0,0.3311299999999998,0.3311299999999998,0.0
382,3.0,3.0,0.0,0.6205094771241829,0.565559477124183,0.05494999999999994,57.0,61.0,-4.0,0.8974,0.899,-0.0016000000000000458,0.33167000000000024,0.3332700000000002,-0.0015999999999999348
383,4.0,4.0,0.0,0.6270898692810457,0.5712369281045752,0.05585294117647055,57.0,61.0,-4.0,0.5656,0.5658,-0.00019999999999997797,0.0923666666666666,0.09256666666666669,-0.000200000000000089
384,4.0,4.0,0.0,0.6207911764705881,0.5651807189542484,0.05561045751633975,58.0,61.0,-3.0,0.8643,0.8501,0.01419999999999999,0.30538999999999994,0.29119000000000006,0.01419999999999988
385,4.0,4.0,0.0,0.6248147058823528,0.5604192810457516,0.06439542483660121,58.0,61.0,-3.0,0.5628,0.5628,0.0,0.08910333333333337,0.08910333333333337,0.0
386,3.0,4.0,-1.0,0.6233003267973857,0.5680297385620915,0.05527058823529418,57.0,60.0,-3.0,0.8815,0.8708,0.010699999999999932,0.3157700000000001,0.3050700000000002,0.010699999999999932
387,3.0,4.0,-1.0,0.6205094771241829,0.564136274509804,0.05637320261437895,57.0,61.0,-4.0,0.903,0.9031,-9.999999999998899e-05,0.33911333333333327,0.33921333333333326,-9.999999999998899e-05
388,3.0,4.0,-1.0,0.6248,0.5680297385620915,0.05677026143790853,56.0,60.0,-4.0,0.8707,0.8708,-9.999999999998899e-05,0.3049700000000002,0.3050700000000002,-9.999999999998899e-05
389,4.0,4.0,0.0,0.6248147058823528,0.5604192810457516,0.06439542483660121,58.0,61.0,-3.0,0.5652,0.5652,0.0,0.09021666666666672,0.09021666666666672,0.0
390,4.0,4.0,0.0,0.6274464052287582,0.5621562091503267,0.06529019607843145,57.0,60.0,-3.0,0.5592,0.5592,0.0,0.06360666666666676,0.06360666666666676,0.0
391,3.0,3.0,0.0,0.621970588235294,0.565559477124183,0.05641111111111108,57.0,61.0,-4.0,0.9112,0.9113,-9.999999999998899e-05,0.34483333333333344,0.3449333333333332,-9.999999999976694e-05
392,4.0,3.0,1.0,0.6288761437908496,0.564476797385621,0.0643993464052286,57.0,60.0,-3.0,0.5486,0.5486,0.0,0.07536666666666669,0.07536666666666669,0.0
393,3.0,4.0,-1.0,0.6221281045751633,0.5680297385620915,0.05409836601307183,56.0,60.0,-4.0,0.8792,0.8708,0.008399999999999963,0.31347000000000025,0.3050700000000002,0.008400000000000074
394,3.0,4.0,-1.0,0.6248,0.5680297385620915,0.05677026143790853,56.0,60.0,-4.0,0.8707,0.8708,-9.999999999998899e-05,0.3049700000000002,0.3050700000000002,-9.999999999998899e-05
395,3.0,4.0,-1.0,0.6248101307189542,0.5574718954248365,0.06733823529411764,57.0,60.0,-3.0,0.8965,0.8935,0.0030000000000000027,0.33197999999999994,0.32898000000000005,0.0029999999999998916
396,3.0,4.0,-1.0,0.6205924836601308,0.5641477124183006,0.056444771241830116,57.0,61.0,-4.0,0.8667,0.8668,-9.999999999998899e-05,0.30097000000000007,0.30107000000000017,-0.00010000000000010001
397,3.0,4.0,-1.0,0.6233003267973857,0.5680297385620915,0.05527058823529418,57.0,60.0,-3.0,0.8815,0.8708,0.010699999999999932,0.3157700000000001,0.3050700000000002,0.010699999999999932
398,3.0,4.0,-1.0,0.6248101307189542,0.559475816993464,0.06533431372549015,57.0,60.0,-3.0,0.8761,0.8761,0.0,0.31156000000000006,0.31156000000000006,0.0
399,3.0,4.0,-1.0,0.6205094771241829,0.564136274509804,0.05637320261437895,57.0,61.0,-4.0,0.8974,0.8975,-9.999999999998899e-05,0.33167000000000024,0.33177000000000023,-9.999999999998899e-05
400,3.0,4.0,-1.0,0.6207620915032679,0.5644271241830066,0.05633496732026133,57.0,61.0,-4.0,0.8504,0.8506,-0.00019999999999997797,0.28834000000000004,0.28854,-0.00019999999999997797
401,3.0,3.0,0.0,0.621970588235294,0.565559477124183,0.05641111111111108,57.0,61.0,-4.0,0.8999,0.9,-9.999999999998899e-05,0.3341700000000002,0.3342700000000002,-9.999999999998899e-05
402,3.0,4.0,-1.0,0.6248,0.5680297385620915,0.05677026143790853,56.0,60.0,-4.0,0.8707,0.8708,-9.999999999998899e-05,0.3049700000000002,0.3050700000000002,-9.999999999998899e-05
403,3.0,4.0,-1.0,0.6230431372549019,0.5658725490196078,0.057170588235294084,56.0,59.0,-3.0,0.5769,0.5734,0.0034999999999999476,0.0810999999999999,0.07760000000000006,0.0034999999999998366
404,4.0,3.0,1.0,0.6254173202614378,0.5610218954248366,0.06439542483660121,58.0,61.0,-3.0,0.5582,0.5582,0.0,0.0832166666666666,0.0832166666666666,0.0
405,3.0,4.0,-1.0,0.6233003267973857,0.5680297385620915,0.05527058823529418,57.0,60.0,-3.0,0.8815,0.8708,0.010699999999999932,0.3157700000000001,0.3050700000000002,0.010699999999999932
406,4.0,3.0,1.0,0.6287101307189542,0.5639794117647059,0.06473071895424831,57.0,60.0,-3.0,0.5671,0.5641,0.0030000000000000027,0.09386666666666654,0.09086666666666665,0.0029999999999998916
407,4.0,3.0,1.0,0.6254173202614378,0.5610218954248366,0.06439542483660121,58.0,61.0,-3.0,0.556,0.556,0.0,0.08101666666666674,0.08101666666666674,0.0
408,3.0,4.0,-1.0,0.6221281045751633,0.5680297385620915,0.05409836601307183,56.0,60.0,-4.0,0.8792,0.8708,0.008399999999999963,0.31347000000000025,0.3050700000000002,0.008400000000000074
409,3.0,4.0,-1.0,0.6205094771241829,0.564136274509804,0.05637320261437895,57.0,61.0,-4.0,0.8974,0.8975,-9.999999999998899e-05,0.33167000000000024,0.33177000000000023,-9.999999999998899e-05
410,4.0,4.0,0.0,0.6270898692810457,0.5712369281045752,0.05585294117647055,57.0,61.0,-4.0,0.5656,0.5658,-0.00019999999999997797,0.0923666666666666,0.09256666666666669,-0.000200000000000089
411,3.0,3.0,0.0,0.621970588235294,0.5658921568627451,0.056078431372548976,57.0,61.0,-4.0,0.9121,0.9122,-9.999999999998899e-05,0.34573333333333334,0.3458333333333333,-9.999999999998899e-05
412,4.0,3.0,1.0,0.6225147058823528,0.5611483660130719,0.06136633986928086,57.0,60.0,-3.0,0.552,0.5485,0.0035000000000000586,0.07841333333333345,0.07491333333333339,0.0035000000000000586
413,3.0,3.0,0.0,0.6222725490196077,0.5682908496732025,0.053981699346405176,57.0,60.0,-3.0,0.8971,0.8708,0.02629999999999999,0.3313700000000003,0.3050700000000002,0.0263000000000001
414,4.0,3.0,1.0,0.6249722222222222,0.5603571895424838,0.06461503267973834,58.0,61.0,-3.0,0.575,0.575,0.0,0.08785666666666664,0.08785666666666664,0.0
415,3.0,4.0,-1.0,0.6257709150326797,0.5690647058823529,0.05670620915032676,56.0,60.0,-4.0,0.865,0.8651,-9.999999999998899e-05,0.30142999999999986,0.3015300000000001,-0.00010000000000021103
416,4.0,4.0,0.0,0.6248147058823528,0.5604192810457516,0.06439542483660121,58.0,61.0,-3.0,0.561,0.561,0.0,0.08777999999999986,0.08777999999999986,0.0
417,4.0,4.0,0.0,0.6268084967320261,0.5709555555555555,0.05585294117647055,57.0,61.0,-4.0,0.5691,0.5692,-9.999999999998899e-05,0.09586666666666666,0.09596666666666664,-9.999999999998899e-05
418,3.0,4.0,-1.0,0.6221281045751633,0.5680297385620915,0.05409836601307183,56.0,60.0,-4.0,0.8792,0.8708,0.008399999999999963,0.31347000000000025,0.3050700000000002,0.008400000000000074
419,4.0,3.0,1.0,0.6260676470588235,0.5611594771241831,0.06490816993464033,58.0,60.0,-2.0,0.5445,0.5386,0.005900000000000016,0.07128000000000001,0.06538,0.005900000000000016
420,4.0,4.0,0.0,0.624982679738562,0.5604866013071895,0.0644960784313725,58.0,61.0,-3.0,0.5589,0.5589,0.0,0.08099999999999996,0.08099999999999996,0.0
421,4.0,4.0,0.0,0.6268084967320261,0.5709555555555555,0.05585294117647055,57.0,61.0,-4.0,0.5691,0.5692,-9.999999999998899e-05,0.09586666666666666,0.09596666666666664,-9.999999999998899e-05
422,3.0,4.0,-1.0,0.6205094771241829,0.564136274509804,0.05637320261437895,57.0,61.0,-4.0,0.8984,0.8985,-9.999999999998899e-05,0.33267000000000013,0.3327700000000001,-9.999999999998899e-05
423,3.0,4.0,-1.0,0.6205924836601308,0.5641477124183006,0.056444771241830116,57.0,61.0,-4.0,0.8667,0.8668,-9.999999999998899e-05,0.30097000000000007,0.30107000000000017,-0.00010000000000010001
424,3.0,4.0,-1.0,0.6221281045751633,0.5680297385620915,0.05409836601307183,56.0,60.0,-4.0,0.8792,0.8708,0.008399999999999963,0.31347000000000025,0.3050700000000002,0.008400000000000074
425,3.0,4.0,-1.0,0.6233003267973857,0.5680297385620915,0.05527058823529418,57.0,60.0,-3.0,0.8815,0.8708,0.010699999999999932,0.3157700000000001,0.3050700000000002,0.010699999999999932
426,3.0,4.0,-1.0,0.620623202614379,0.5641326797385621,0.056490522875816906,57.0,61.0,-4.0,0.8964,0.8966,-0.00019999999999997797,0.33067,0.3308700000000002,-0.00020000000000020002
427,4.0,3.0,1.0,0.6249722222222222,0.5603571895424838,0.06461503267973834,58.0,61.0,-3.0,0.575,0.575,0.0,0.08785666666666664,0.08785666666666664,0.0
428,4.0,4.0,0.0,0.6263627450980391,0.5690898692810457,0.057272875816993474,57.0,60.0,-3.0,0.5418,0.542,-0.000200000000000089,0.06788333333333335,0.06808333333333333,-0.00019999999999997797
429,4.0,4.0,0.0,0.6270898692810457,0.5712369281045752,0.05585294117647055,57.0,61.0,-4.0,0.5656,0.5658,-0.00019999999999997797,0.0923666666666666,0.09256666666666669,-0.000200000000000089
430,4.0,4.0,0.0,0.6268084967320261,0.5709555555555555,0.05585294117647055,57.0,61.0,-4.0,0.5691,0.5692,-9.999999999998899e-05,0.09586666666666666,0.09596666666666664,-9.999999999998899e-05
431,4.0,4.0,0.0,0.6224552287581699,0.561088888888889,0.06136633986928097,57.0,60.0,-3.0,0.5444,0.5409,0.0034999999999999476,0.07116666666666671,0.06766666666666676,0.0034999999999999476
432,3.0,4.0,-1.0,0.6229905228758169,0.5659022875816994,0.05708823529411755,56.0,59.0,-3.0,0.553,0.5495,0.0035000000000000586,0.07833333333333331,0.07483333333333325,0.0035000000000000586
433,4.0,4.0,0.0,0.6248147058823528,0.5609624183006535,0.06385228758169925,58.0,61.0,-3.0,0.561,0.551,0.010000000000000009,0.08777999999999986,0.07777999999999996,0.009999999999999898
434,3.0,4.0,-1.0,0.6248,0.5680297385620915,0.05677026143790853,56.0,60.0,-4.0,0.8707,0.8708,-9.999999999998899e-05,0.3049700000000002,0.3050700000000002,-9.999999999998899e-05
435,3.0,4.0,-1.0,0.6233003267973857,0.5680297385620915,0.05527058823529418,57.0,60.0,-3.0,0.8815,0.8708,0.010699999999999932,0.3157700000000001,0.3050700000000002,0.010699999999999932
436,3.0,4.0,-1.0,0.6205094771241829,0.564136274509804,0.05637320261437895,57.0,61.0,-4.0,0.8974,0.8975,-9.999999999998899e-05,0.33167000000000024,0.33177000000000023,-9.999999999998899e-05
437,3.0,4.0,-1.0,0.6233003267973857,0.5680297385620915,0.05527058823529418,57.0,60.0,-3.0,0.8815,0.8708,0.010699999999999932,0.3157700000000001,0.3050700000000002,0.010699999999999932
438,3.0,4.0,-1.0,0.620959477124183,0.5644689542483661,0.056490522875816906,57.0,61.0,-4.0,0.8925,0.8926,-9.999999999998899e-05,0.3267700000000001,0.3268700000000001,-9.999999999998899e-05
439,3.0,4.0,-1.0,0.6216941176470586,0.5648104575163398,0.05688366013071877,57.0,61.0,-4.0,0.9012,0.9013,-9.999999999998899e-05,0.33692333333333346,0.33702333333333345,-9.999999999998899e-05
440,4.0,3.0,1.0,0.6259186274509804,0.5683849673202614,0.05753366013071892,58.0,60.0,-2.0,0.5653,0.5595,0.005800000000000027,0.07921333333333341,0.07341333333333327,0.005800000000000138
441,3.0,4.0,-1.0,0.622609477124183,0.5655137254901962,0.057095751633986835,56.0,60.0,-4.0,0.5655,0.5657,-0.00019999999999997797,0.07974333333333328,0.07994333333333326,-0.00019999999999997797
442,4.0,3.0,1.0,0.6277833333333332,0.5713944444444444,0.05638888888888882,57.0,59.0,-2.0,0.5892,0.5698,0.019399999999999973,0.1100199999999999,0.09062000000000014,0.01939999999999975
443,3.0,4.0,-1.0,0.6221281045751633,0.5680297385620915,0.05409836601307183,56.0,60.0,-4.0,0.8792,0.8708,0.008399999999999963,0.31347000000000025,0.3050700000000002,0.008400000000000074
444,3.0,4.0,-1.0,0.6233003267973857,0.5680297385620915,0.05527058823529418,57.0,60.0,-3.0,0.8815,0.8708,0.010699999999999932,0.3157700000000001,0.3050700000000002,0.010699999999999932
445,3.0,4.0,-1.0,0.6208457516339869,0.5644725490196077,0.05637320261437917,57.0,61.0,-4.0,0.8971,0.8973,-0.00019999999999997797,0.3325600000000002,0.33276000000000006,-0.00019999999999986695
446,4.0,4.0,0.0,0.6276401960784312,0.5626411764705882,0.06499901960784304,57.0,60.0,-3.0,0.5626,0.5626,0.0,0.0893666666666666,0.0893666666666666,0.0
447,4.0,3.0,1.0,0.6281598039215684,0.5637323529411764,0.06442745098039204,57.0,60.0,-3.0,0.5705,0.5671,0.0033999999999999586,0.09726666666666661,0.09386666666666654,0.0034000000000000696
448,3.0,4.0,-1.0,0.6233003267973857,0.5680297385620915,0.05527058823529418,57.0,60.0,-3.0,0.8815,0.8708,0.010699999999999932,0.3157700000000001,0.3050700000000002,0.010699999999999932
449,3.0,4.0,-1.0,0.6205094771241829,0.564136274509804,0.05637320261437895,57.0,61.0,-4.0,0.903,0.9031,-9.999999999998899e-05,0.33911333333333327,0.33921333333333326,-9.999999999998899e-05
450,3.0,3.0,0.0,0.621970588235294,0.5658921568627451,0.056078431372548976,57.0,61.0,-4.0,0.9121,0.9122,-9.999999999998899e-05,0.34573333333333334,0.3458333333333333,-9.999999999998899e-05
451,3.0,4.0,-1.0,0.6227960784313725,0.5657003267973856,0.057095751633986946,56.0,60.0,-4.0,0.5792,0.5794,-0.00019999999999997797,0.08340000000000009,0.08359999999999995,-0.00019999999999986695
452,3.0,4.0,-1.0,0.6249732026143792,0.559246732026144,0.06572647058823522,57.0,60.0,-3.0,0.8936,0.8936,0.0,0.32852666666666663,0.32852666666666663,0.0
453,3.0,4.0,-1.0,0.6216941176470586,0.5648104575163398,0.05688366013071877,57.0,61.0,-4.0,0.8971,0.8972,-9.999999999998899e-05,0.3350333333333334,0.33513333333333317,-9.999999999976694e-05
454,3.0,4.0,-1.0,0.6254372549019607,0.5695545751633987,0.05588267973856198,57.0,61.0,-4.0,0.5562,0.5563,-9.999999999998899e-05,0.08016666666666661,0.0802666666666666,-9.999999999998899e-05
455,3.0,4.0,-1.0,0.6205094771241829,0.564136274509804,0.05637320261437895,57.0,61.0,-4.0,0.9097,0.9098,-0.00010000000000010001,0.3433333333333334,0.34343333333333337,-9.999999999998899e-05
456,4.0,4.0,0.0,0.6249336601307189,0.5678745098039215,0.057059150326797425,58.0,60.0,-2.0,0.5632,0.5574,0.005800000000000027,0.08529999999999993,0.07950000000000002,0.005799999999999916
457,4.0,3.0,1.0,0.6254173202614378,0.5610218954248366,0.06439542483660121,58.0,61.0,-3.0,0.5492,0.5492,0.0,0.07596666666666674,0.07596666666666674,0.0
458,4.0,4.0,0.0,0.6270898692810457,0.5712369281045752,0.05585294117647055,57.0,61.0,-4.0,0.5656,0.5658,-0.00019999999999997797,0.0923666666666666,0.09256666666666669,-0.000200000000000089
459,3.0,4.0,-1.0,0.6205094771241829,0.564136274509804,0.05637320261437895,57.0,61.0,-4.0,0.9011,0.9012,-9.999999999998899e-05,0.3365600000000001,0.33666000000000007,-9.999999999998899e-05
460,4.0,4.0,0.0,0.6240859477124182,0.5593702614379085,0.06471568627450974,58.0,61.0,-3.0,0.6103,0.6103,0.0,0.11962333333333336,0.11962333333333336,0.0
461,4.0,3.0,1.0,0.6281598039215684,0.5631820261437909,0.06497777777777758,57.0,60.0,-3.0,0.5705,0.5705,0.0,0.09726666666666661,0.09726666666666661,0.0
462,4.0,3.0,1.0,0.6212872549019608,0.568088888888889,0.05319836601307182,57.0,60.0,-3.0,0.5581,0.5569,0.0012000000000000899,0.0723433333333332,0.07114333333333334,0.0011999999999998678
463,4.0,3.0,1.0,0.6251496732026143,0.5682643790849673,0.05688529411764698,58.0,60.0,-2.0,0.5821,0.5762,0.005899999999999905,0.0863000000000001,0.08039999999999997,0.005900000000000127
464,3.0,4.0,-1.0,0.6216941176470586,0.5648104575163398,0.05688366013071877,57.0,61.0,-4.0,0.9049,0.905,-9.999999999998899e-05,0.33898666666666666,0.33908666666666665,-9.999999999998899e-05
465,4.0,3.0,1.0,0.6258415032679738,0.568535294117647,0.0573062091503268,58.0,60.0,-2.0,0.5635,0.56,0.0034999999999999476,0.07763000000000003,0.07412999999999997,0.0035000000000000586
466,3.0,4.0,-1.0,0.6216941176470586,0.5648104575163398,0.05688366013071877,57.0,61.0,-4.0,0.8884,0.8885,-9.999999999998899e-05,0.32515666666666676,0.32525666666666675,-9.999999999998899e-05
467,3.0,4.0,-1.0,0.6205094771241829,0.564136274509804,0.05637320261437895,57.0,61.0,-4.0,0.903,0.9031,-9.999999999998899e-05,0.33911333333333327,0.33921333333333326,-9.999999999998899e-05
468,3.0,4.0,-1.0,0.6205924836601308,0.5641477124183006,0.056444771241830116,57.0,61.0,-4.0,0.8667,0.8668,-9.999999999998899e-05,0.30097000000000007,0.30107000000000017,-0.00010000000000010001
469,4.0,4.0,0.0,0.6276401960784312,0.5628882352941176,0.06475196078431367,57.0,60.0,-3.0,0.5626,0.56,0.0025999999999999357,0.0893666666666666,0.08676666666666666,0.0025999999999999357
470,4.0,3.0,1.0,0.6254173202614378,0.5611483660130719,0.06426895424836587,58.0,60.0,-2.0,0.5553,0.5467,0.008600000000000052,0.0821900000000001,0.07359000000000004,0.008600000000000052
471,4.0,3.0,1.0,0.6255944444444445,0.568535294117647,0.057059150326797425,58.0,60.0,-2.0,0.5659,0.56,0.005899999999999905,0.08002999999999999,0.07412999999999997,0.005900000000000016
472,4.0,4.0,0.0,0.6244395424836602,0.5599434640522876,0.06449607843137262,58.0,61.0,-3.0,0.5689,0.5689,0.0,0.09100000000000008,0.09100000000000008,0.0
473,3.0,4.0,-1.0,0.6248101307189542,0.559475816993464,0.06533431372549015,57.0,60.0,-3.0,0.8772,0.8772,0.0,0.31265999999999994,0.31265999999999994,0.0
474,4.0,4.0,0.0,0.6247356209150325,0.5602395424836601,0.0644960784313724,58.0,61.0,-3.0,0.5767,0.5767,0.0,0.09082999999999991,0.09082999999999991,0.0
475,3.0,3.0,0.0,0.621970588235294,0.565559477124183,0.05641111111111108,57.0,61.0,-4.0,0.9011,0.9012,-9.999999999998899e-05,0.33537000000000017,0.33547000000000016,-9.999999999998899e-05
476,4.0,3.0,1.0,0.6247356209150325,0.5608513071895425,0.06388431372549008,58.0,61.0,-3.0,0.5767,0.5675,0.009199999999999986,0.09082999999999991,0.08163000000000004,0.009199999999999875
477,3.0,4.0,-1.0,0.6233003267973857,0.5680297385620915,0.05527058823529418,57.0,60.0,-3.0,0.8815,0.8708,0.010699999999999932,0.3157700000000001,0.3050700000000002,0.010699999999999932
478,4.0,4.0,0.0,0.6253088235294118,0.5607928104575163,0.06451601307189547,58.0,60.0,-2.0,0.5596,0.5536,0.006000000000000005,0.08461666666666656,0.07861666666666667,0.005999999999999894
479,3.0,3.0,0.0,0.621970588235294,0.565559477124183,0.05641111111111108,57.0,61.0,-4.0,0.8988,0.899,-0.00019999999999997797,0.3330700000000002,0.3332700000000002,-0.00019999999999997797
480,3.0,4.0,-1.0,0.6208457516339869,0.5644725490196077,0.05637320261437917,57.0,61.0,-4.0,0.8934,0.8935,-9.999999999998899e-05,0.3276699999999999,0.3277700000000001,-0.00010000000000021103
481,4.0,4.0,0.0,0.6248147058823528,0.5604192810457516,0.06439542483660121,58.0,61.0,-3.0,0.5652,0.5652,0.0,0.09021666666666672,0.09021666666666672,0.0
482,4.0,3.0,1.0,0.6250513071895424,0.56055522875817,0.0644960784313724,58.0,61.0,-3.0,0.5632,0.5632,0.0,0.08540999999999993,0.08540999999999993,0.0
483,4.0,3.0,1.0,0.6281598039215684,0.5631820261437909,0.06497777777777758,57.0,60.0,-3.0,0.5705,0.5705,0.0,0.09726666666666661,0.09726666666666661,0.0
484,3.0,3.0,0.0,0.6226143790849672,0.5662032679738562,0.05641111111111097,57.0,61.0,-4.0,0.8938,0.8939,-9.999999999998899e-05,0.32743333333333335,0.32753333333333323,-9.999999999987796e-05
485,3.0,4.0,-1.0,0.6247049019607843,0.5593705882352942,0.06533431372549015,57.0,60.0,-3.0,0.8816,0.8816,0.0,0.31523333333333337,0.31523333333333337,0.0
486,3.0,4.0,-1.0,0.6221281045751633,0.5680297385620915,0.05409836601307183,56.0,60.0,-4.0,0.8792,0.8708,0.008399999999999963,0.31347000000000025,0.3050700000000002,0.008400000000000074
487,3.0,4.0,-1.0,0.6216941176470586,0.5648104575163398,0.05688366013071877,57.0,61.0,-4.0,0.8903,0.8904,-9.999999999998899e-05,0.3261399999999999,0.3262400000000001,-0.00010000000000021103
488,3.0,4.0,-1.0,0.6233003267973857,0.5680297385620915,0.05527058823529418,57.0,60.0,-3.0,0.8815,0.8708,0.010699999999999932,0.3157700000000001,0.3050700000000002,0.010699999999999932
489,3.0,4.0,-1.0,0.6218673202614379,0.5692245098039216,0.05264281045751629,57.0,60.0,-3.0,0.5724,0.5712,0.0011999999999999789,0.08154333333333325,0.08034333333333338,0.0011999999999998678
490,3.0,4.0,-1.0,0.6236702614379084,0.5668624183006536,0.05680784313725473,57.0,59.0,-2.0,0.8704,0.8539,0.01649999999999996,0.3086133333333334,0.29211333333333356,0.016499999999999848
491,3.0,4.0,-1.0,0.623152614379085,0.568928431372549,0.054224183006535975,56.0,60.0,-4.0,0.5647,0.5574,0.007299999999999973,0.07511666666666655,0.06781666666666669,0.007299999999999862
492,3.0,4.0,-1.0,0.625918954248366,0.5700712418300654,0.055847712418300555,57.0,61.0,-4.0,0.6116,0.6117,-9.999999999998899e-05,0.12383666666666676,0.12393666666666675,-9.999999999998899e-05
493,4.0,3.0,1.0,0.6276696078431371,0.5707552287581699,0.056914379084967215,57.0,60.0,-3.0,0.5714,0.5716,-0.00019999999999997797,0.09816666666666674,0.0983666666666666,-0.00019999999999986695
494,4.0,4.0,0.0,0.6246866013071894,0.560190522875817,0.0644960784313724,58.0,61.0,-3.0,0.5659,0.5659,0.0,0.08799999999999997,0.08799999999999997,0.0
495,3.0,3.0,0.0,0.621970588235294,0.565559477124183,0.05641111111111108,57.0,61.0,-4.0,0.9011,0.9012,-9.999999999998899e-05,0.33537000000000017,0.33547000000000016,-9.999999999998899e-05
496,3.0,4.0,-1.0,0.6209196078431372,0.5644748366013073,0.056444771241829894,57.0,61.0,-4.0,0.8633,0.8634,-9.999999999998899e-05,0.2975700000000002,0.29767,-9.999999999976694e-05
497,4.0,3.0,1.0,0.6283715686274508,0.5635800653594771,0.06479150326797367,57.0,60.0,-3.0,0.568,0.568,0.0,0.09476666666666678,0.09476666666666678,0.0
498,3.0,4.0,-1.0,0.6233003267973857,0.5680297385620915,0.05527058823529418,57.0,60.0,-3.0,0.8815,0.8708,0.010699999999999932,0.3157700000000001,0.3050700000000002,0.010699999999999932
499,3.0,4.0,-1.0,0.6205924836601308,0.5641477124183006,0.056444771241830116,57.0,61.0,-4.0,0.8667,0.8668,-9.999999999998899e-05,0.30097000000000007,0.30107000000000017,-0.00010000000000010001
